Date,Open,High,Low,Close,Adj Close,Volume,Day
"Sep 18, 2024",78.64,79.41,78.28,79,79,"12,482,119",1259
"Sep 17, 2024",79.76,80.26,78.26,78.6,78.6,"21,065,900",1258
"Sep 16, 2024",80.84,81.02,80.14,80.56,80.56,"15,346,400",1257
"Sep 13, 2024",79.82,80.69,79.69,80.6,80.6,"12,994,100",1256
"Sep 12, 2024",78.99,79.91,78.62,79.66,79.66,"14,884,900",1255
"Sep 11, 2024",78.38,78.92,77.57,78.84,78.84,"19,518,800",1254
"Sep 10, 2024",77.35,78.9,77.28,78.81,78.81,"17,686,300",1253
"Sep 9, 2024",76.85,77.47,76.49,77.34,77.34,"22,260,200",1252
"Sep 6, 2024",76.9,77.32,76.3,76.64,76.64,"14,548,600",1251
"Sep 5, 2024",77.25,77.45,76.39,76.96,76.96,"13,082,900",1250
"Sep 4, 2024",77.33,77.48,76.73,77.24,77.24,"18,442,800",1249
"Sep 3, 2024",77.33,77.81,76.8,77.17,77.17,"22,666,100",1248
"Aug 30, 2024",76.44,77.47,76.22,77.23,77.23,"23,230,000",1247
"Aug 29, 2024",75.99,76.47,75.67,76.42,76.42,"11,856,800",1246
"Aug 28, 2024",76.28,76.43,75.81,76.08,76.08,"9,814,300",1245
"Aug 27, 2024",76.45,76.45,75.77,76.13,76.13,"11,557,800",1244
"Aug 26, 2024",75.9,76.21,75.57,76.03,76.03,"9,508,200",1243
"Aug 23, 2024",75.6,75.81,75.01,75.7,75.7,"12,299,100",1242
"Aug 22, 2024",75.37,76.22,75.15,75.58,75.58,"16,511,100",1241
"Aug 21, 2024",75.3,75.58,74.59,75.24,75.24,"14,832,000",1240
"Aug 20, 2024",73.75,74.75,73.72,74.54,74.54,"14,434,000",1239
"Aug 19, 2024",73.39,73.98,73.34,73.72,73.72,"13,709,300",1238
"Aug 16, 2024",72.7,73.61,72.52,73.45,73.45,"19,872,100",1237
"Aug 15, 2024",74.12,74.44,72.78,73.18,72.97,"49,567,500",1236
"Aug 14, 2024",67.92,68.79,67.85,68.66,68.46,"22,928,600",1235
"Aug 13, 2024",68.43,68.61,67.14,68.13,67.94,"26,557,900",1234
"Aug 12, 2024",68.34,69.22,68.07,68.7,68.5,"17,385,300",1233
"Aug 9, 2024",67.85,68.22,67.33,67.95,67.76,"13,805,600",1232
"Aug 8, 2024",66.84,67.92,66.67,67.66,67.47,"12,489,800",1231
"Aug 7, 2024",67.87,68.01,66.81,66.91,66.72,"18,499,200",1230
"Aug 6, 2024",67.84,68.63,67.68,67.74,67.55,"14,815,100",1229
"Aug 5, 2024",68.1,68.58,66.91,67.59,67.4,"20,770,500",1228
"Aug 2, 2024",69.6,70.24,67.74,68.46,68.27,"23,578,700",1227
"Aug 1, 2024",68.91,69.8,68.52,69.79,69.59,"17,275,500",1226
"Jul 31, 2024",69.18,69.25,68.29,68.64,68.44,"22,908,800",1225
"Jul 30, 2024",69.55,69.85,68.98,69.19,68.99,"12,522,500",1224
"Jul 29, 2024",69.85,69.9,69.13,69.62,69.42,"10,315,300",1223
"Jul 26, 2024",70.23,70.24,68.83,69.78,69.58,"16,789,300",1222
"Jul 25, 2024",70.6,70.77,69.95,70.02,69.82,"18,821,200",1221
"Jul 24, 2024",70.52,70.84,70.34,70.6,70.4,"22,490,800",1220
"Jul 23, 2024",70.47,70.7,70.11,70.65,70.45,"9,263,600",1219
"Jul 22, 2024",70.86,71.26,70.23,70.38,70.18,"12,666,100",1218
"Jul 19, 2024",71.2,71.33,70.65,70.75,70.55,"11,665,500",1217
"Jul 18, 2024",70.68,71.19,70.43,70.82,70.62,"10,682,700",1216
"Jul 17, 2024",70.18,71.1,69.95,71.03,70.83,"13,533,800",1215
"Jul 16, 2024",69.82,70.24,69.58,69.99,69.79,"9,836,800",1214
"Jul 15, 2024",69.3,69.97,69.3,69.61,69.41,"10,171,100",1213
"Jul 12, 2024",69.9,70.03,69.17,69.24,69.04,"12,145,300",1212
"Jul 11, 2024",70.18,70.45,69.26,69.8,69.6,"15,624,800",1211
"Jul 10, 2024",70.1,70.44,69.72,70.41,70.21,"10,803,400",1210
"Jul 9, 2024",69.9,70.25,69.67,69.9,69.7,"9,758,400",1209
"Jul 8, 2024",69.9,70.14,69.35,69.68,69.48,"12,077,700",1208
"Jul 5, 2024",68.16,70.15,68.1,70.04,69.84,"21,586,100",1207
"Jul 3, 2024",67.81,68.25,67.62,68.24,68.05,"6,287,500",1026
"Jul 2, 2024",67.44,68.08,67.26,68.07,67.88,"9,436,500",1205
"Jul 1, 2024",67.89,68.24,67.25,67.48,67.29,"8,666,000",1204
"Jun 28, 2024",67.87,68.1,67.32,67.71,67.52,"18,816,700",1203
"Jun 27, 2024",68.29,68.58,67.67,67.88,67.69,"12,899,200",1202
"Jun 26, 2024",67.4,68.6,67.21,68.29,68.1,"14,177,500",1201
"Jun 25, 2024",67.17,67.59,66.55,67.42,67.23,"20,904,000",1200
"Jun 24, 2024",68.05,69.04,67.9,68.9,68.7,"12,470,400",1199
"Jun 21, 2024",68.26,68.55,67.83,67.91,67.72,"25,891,500",1198
"Jun 20, 2024",67.35,68.13,67.3,68.01,67.82,"13,860,800",1197
"Jun 18, 2024",67.63,67.87,67.3,67.6,67.41,"12,093,500",1196
"Jun 17, 2024",66.92,67.44,66.41,67.42,67.23,"12,103,000",1195
"Jun 14, 2024",66.54,67.11,66.3,67.02,66.83,"12,590,100",1194
"Jun 13, 2024",66.3,66.76,65.95,66.7,66.51,"11,196,600",1193
"Jun 12, 2024",66.85,66.94,65.9,66.31,66.12,"11,704,700",1192
"Jun 11, 2024",66.95,66.96,66.35,66.73,66.54,"13,367,500",1191
"Jun 10, 2024",67.19,67.33,66.27,66.96,66.77,"21,667,400",1190
"Jun 7, 2024",67.4,67.57,65.64,65.88,65.69,"20,213,200",1189
"Jun 6, 2024",67.06,67.44,66.77,67.15,66.96,"13,256,000",1188
"Jun 5, 2024",66.57,67.15,66.28,67.09,66.9,"14,982,700",1187
"Jun 4, 2024",65.99,66.64,65.83,66.6,66.41,"14,780,800",1186
"Jun 3, 2024",65.51,65.84,65.16,65.82,65.63,"11,578,700",1185
"May 31, 2024",64.67,65.9,64.16,65.76,65.57,"27,632,200",1184
"May 30, 2024",64.93,65.17,64.77,64.89,64.71,"13,053,500",1183
"May 29, 2024",64.75,65.21,64.65,64.92,64.74,"11,538,600",1182
"May 28, 2024",65.22,65.47,64.74,65.04,64.86,"13,349,600",1181
"May 24, 2024",65.13,65.69,65.01,65.38,65.19,"11,793,800",1180
"May 23, 2024",65.17,65.52,64.56,64.84,64.66,"16,222,900",1179
"May 22, 2024",64.98,65.69,64.73,65.25,65.06,"14,879,400",1178
"May 21, 2024",64.53,65.19,64.45,65.15,64.96,"17,131,700",1177
"May 20, 2024",64.42,64.76,63.87,64.18,64,"15,001,400",1176
"May 17, 2024",64.24,64.88,63.63,64.65,64.47,"29,330,400",1175
"May 16, 2024",64.22,64.42,62.94,64.01,63.83,"60,545,600",1174
"May 15, 2024",59.83,59.94,59.47,59.83,59.66,"22,240,600",1173
"May 14, 2024",60.52,60.55,59.44,59.86,59.69,"18,780,100",1172
"May 13, 2024",60.62,61.35,60.29,60.41,60.24,"19,260,500",1171
"May 10, 2024",60.41,60.58,60.16,60.48,60.31,"12,356,600",1170
"May 9, 2024",60.2,60.58,59.95,60.44,60.27,"14,550,500",1169
"May 8, 2024",60.63,60.85,60.22,60.3,59.92,"11,015,700",1168
"May 7, 2024",60.17,60.8,60.05,60.62,60.24,"14,520,200",1167
"May 6, 2024",60,60,59.39,59.87,59.49,"11,119,400",1166
"May 3, 2024",59.62,59.98,59.14,59.82,59.44,"14,207,400",1165
"May 2, 2024",58.94,59.89,58.58,59.71,59.33,"17,574,100",1164
"May 1, 2024",59.31,59.41,58.72,58.85,58.48,"15,464,300",1163
"Apr 30, 2024",60.2,60.3,59.16,59.35,58.98,"14,209,200",1162
"Apr 29, 2024",60.18,60.39,59.94,60.24,59.86,"9,785,100",1161
"Apr 26, 2024",60.11,60.39,60,60.16,59.78,"11,045,200",1160
"Apr 25, 2024",60.05,60.53,59.83,60.21,59.83,"19,263,000",1159
"Apr 24, 2024",58.98,60.04,58.81,59.87,59.49,"18,529,100",1158
"Apr 23, 2024",60.25,60.35,58.56,59.09,58.72,"17,963,900",1157
"Apr 22, 2024",59.56,60.4,59.04,60.14,59.76,"14,910,000",1156
"Apr 19, 2024",59.45,59.67,58.97,59.53,59.16,"14,160,200",1155
"Apr 18, 2024",59.83,59.94,59.22,59.26,58.89,"12,061,500",1154
"Apr 17, 2024",60.15,60.43,59.57,59.65,59.28,"15,329,700",1153
"Apr 16, 2024",60.03,60.29,59.78,59.84,59.46,"14,726,300",1152
"Apr 15, 2024",60.51,60.7,59.91,59.93,59.55,"10,557,200",1151
"Apr 12, 2024",60,60.72,59.95,60.14,59.76,"12,278,100",1150
"Apr 11, 2024",60.75,60.89,60.07,60.09,59.71,"10,987,600",1149
"Apr 10, 2024",59.62,60.76,59.39,60.62,60.24,"15,097,600",1148
"Apr 9, 2024",59.87,59.97,59.3,59.79,59.41,"10,015,900",1147
"Apr 8, 2024",59.6,60.04,59.42,59.78,59.4,"11,070,100",1146
"Apr 5, 2024",59.55,60.04,59.49,59.85,59.47,"10,332,300",1145
"Apr 4, 2024",59.54,59.81,59.29,59.5,59.13,"14,436,100",1144
"Apr 3, 2024",59.38,59.5,58.94,59.43,59.06,"14,615,100",1143
"Apr 2, 2024",59.9,60.1,58.88,59.16,58.79,"19,510,100",1142
"Apr 1, 2024",60.31,60.76,59.93,60,59.62,"13,837,600",1141
"Mar 28, 2024",60.66,60.77,60.16,60.17,59.79,"17,535,100",1140
"Mar 27, 2024",60.87,61.05,60.38,60.72,60.34,"14,363,400",1139
"Mar 26, 2024",60.46,60.83,60.23,60.51,60.13,"13,738,300",1138
"Mar 25, 2024",60.87,60.99,60.36,60.57,60.19,"14,186,600",1137
"Mar 22, 2024",61.32,61.53,60.85,60.87,60.49,"14,025,400",1136
"Mar 21, 2024",61.28,61.66,61.05,61.45,61.06,"14,265,900",1135
"Mar 20, 2024",60.84,61.28,60.74,61.25,60.87,"12,007,600",1134
"Mar 19, 2024",60.97,61.07,60.6,60.87,60.49,"12,353,600",1133
"Mar 18, 2024",60.69,60.9,60.39,60.86,60.48,"16,801,700",1132
"Mar 15, 2024",60.68,61.15,60.46,60.68,60.3,"50,904,600",1131
"Mar 14, 2024",61.28,61.44,60.6,61.02,60.64,"16,584,700",1130
"Mar 13, 2024",61.26,61.46,60.88,61.28,60.69,"15,935,200",1129
"Mar 12, 2024",60.95,61.57,60.65,61.41,60.82,"16,613,100",1128
"Mar 11, 2024",60.1,60.71,59.87,60.66,60.07,"14,154,000",1127
"Mar 8, 2024",60,60.28,59.73,60.12,59.54,"12,132,000",1126
"Mar 7, 2024",61,61.07,60.35,60.36,59.78,"16,195,300",1125
"Mar 6, 2024",60.12,60.62,60.04,60.57,59.99,"12,698,700",1124
"Mar 5, 2024",59.87,60.34,59.58,60.04,59.46,"19,676,900",1123
"Mar 4, 2024",58.5,59.39,58.4,59.3,58.73,"16,033,300",1122
"Mar 1, 2024",58.8,58.85,58.2,58.76,58.19,"19,017,700",1121
"Feb 29, 2024",59.45,59.49,58.59,58.61,58.04,"29,245,100",1120
"Feb 28, 2024",59.55,59.76,59.31,59.62,59.04,"14,803,300",1119
"Feb 27, 2024",59.64,59.8,59.22,59.59,59.01,"18,012,700",1118
"Feb 26, 2024",59.12,59.84,58.18,59.6,59.02,"32,154,800",1117
"Feb 23, 2024",58.7,59.22,58.44,58.52,57.95,"74,365,800",1116
"Feb 22, 2024",57.96,58.49,57.77,58.47,57.91,"29,512,800",1115
"Feb 21, 2024",58.33,58.53,57.6,57.9,57.34,"40,551,600",1114
"Feb 20, 2024",59.49,60.45,58.41,58.62,58.05,"71,788,500",1113
"Feb 16, 2024",56.76,57.31,56.43,56.79,56.24,"22,373,400",1112
"Feb 15, 2024",56.6,56.62,55.99,56.43,55.89,"16,948,800",1111
"Feb 14, 2024",56.25,56.29,55.85,56.2,55.66,"18,484,500",1110
"Feb 13, 2024",56.87,57.02,56.09,56.38,55.84,"18,574,200",1109
"Feb 12, 2024",56.41,56.79,56.35,56.77,56.22,"14,795,100",1108
"Feb 9, 2024",56.46,56.58,56.31,56.43,55.88,"14,329,800",1107
"Feb 8, 2024",56.46,56.85,56.38,56.46,55.91,"14,427,900",1106
"Feb 7, 2024",56.76,56.89,56.4,56.46,55.91,"17,082,600",1105
"Feb 6, 2024",56.26,56.65,56.11,56.6,56.06,"14,181,300",1104
"Feb 5, 2024",56.67,56.67,56.02,56.22,55.68,"19,145,100",1103
"Feb 2, 2024",56.05,56.86,55.97,56.52,55.98,"21,670,800",1102
"Feb 1, 2024",55.23,56.12,55.06,56.1,55.56,"20,792,700",1101
"Jan 31, 2024",55.93,55.93,55.04,55.08,54.55,"26,134,800",1100
"Jan 30, 2024",54.9,55.27,54.54,55.2,54.66,"15,270,000",1099
"Jan 29, 2024",54.78,55.14,54.51,55.01,54.48,"18,240,300",1098
"Jan 26, 2024",54.35,54.79,54.22,54.76,54.23,"15,746,400",1097
"Jan 25, 2024",53.8,54.29,53.47,54.28,53.76,"16,369,500",1096
"Jan 24, 2024",54.3,54.36,53.44,53.5,52.98,"22,932,900",1095
"Jan 23, 2024",54.04,54.28,53.92,54.27,53.74,"12,066,600",1094
"Jan 22, 2024",54.26,54.32,53.83,54.13,53.61,"13,938,300",1093
"Jan 19, 2024",54.48,54.52,53.81,54.13,53.6,"19,175,400",1092
"Jan 18, 2024",53.72,54.46,53.56,54.41,53.89,"18,190,500",1091
"Jan 17, 2024",53.79,54,53.54,53.69,53.17,"14,827,800",1090
"Jan 16, 2024",53.81,54.13,53.74,53.94,53.42,"17,032,500",1089
"Jan 12, 2024",53.79,53.85,53.46,53.77,53.25,"13,629,000",1088
"Jan 11, 2024",53.78,53.96,53.39,53.7,53.18,"14,355,300",1087
"Jan 10, 2024",53.19,53.83,53.19,53.76,53.24,"20,121,900",1086
"Jan 9, 2024",52.64,53.11,52.58,53.1,52.59,"23,322,300",1085
"Jan 8, 2024",52.23,52.76,52.23,52.75,52.24,"20,680,800",1084
"Jan 5, 2024",52.64,52.7,51.87,52.24,51.73,"21,709,500",1083
"Jan 4, 2024",53.07,53.18,52.5,52.59,52.08,"19,282,500",1082
"Jan 3, 2024",53.26,53.43,52.98,53.1,52.59,"18,756,000",1081
"Jan 2, 2024",52.42,53.18,52.4,53.1,52.58,"23,539,800",1080
"Dec 29, 2023",52.51,52.69,52.39,52.55,52.04,"21,948,300",1079
"Dec 28, 2023",52.59,52.78,52.5,52.52,52.02,"16,776,000",1078
"Dec 27, 2023",52.1,52.65,52.05,52.63,52.12,"19,896,000",1077
"Dec 26, 2023",52.22,52.33,52.04,52.14,51.63,"11,679,900",1076
"Dec 22, 2023",51.82,52.38,51.72,52.22,51.71,"19,405,500",1075
"Dec 21, 2023",51.33,51.69,51.3,51.6,51.1,"20,087,700",1074
"Dec 20, 2023",51.81,52.05,51.21,51.24,50.74,"21,967,800",1073
"Dec 19, 2023",51.61,51.9,51.36,51.84,51.34,"24,417,000",1072
"Dec 18, 2023",51.12,51.69,51.04,51.66,51.16,"26,316,000",1071
"Dec 15, 2023",50.59,51.15,50.51,50.91,50.42,"70,003,500",1070
"Dec 14, 2023",51.17,51.31,50.64,50.72,50.23,"30,891,300",1069
"Dec 13, 2023",50.52,51.35,50.21,51.35,50.85,"35,348,700",1068
"Dec 12, 2023",50.41,50.57,50.08,50.45,49.97,"21,381,900",1067
"Dec 11, 2023",50.38,50.48,49.85,50.41,49.93,"31,883,400",1066
"Dec 8, 2023",50.67,50.74,50.08,50.29,49.8,"34,069,500",1065
"Dec 7, 2023",51.45,51.51,50.74,50.82,50.33,"25,362,600",1064
"Dec 6, 2023",51.85,51.94,51.22,51.35,50.66,"26,447,400",1063
"Dec 5, 2023",51.48,51.95,51.25,51.91,51.22,"21,883,800",1062
"Dec 4, 2023",51.11,51.64,51.1,51.43,50.75,"24,883,200",1061
"Dec 1, 2023",51.79,51.87,50.88,51.45,50.76,"39,273,600",1060
"Nov 30, 2023",52.01,52.12,51.5,51.9,51.21,"29,925,900",1059
"Nov 29, 2023",52.92,52.92,51.87,52.03,51.33,"29,896,500",1058
"Nov 28, 2023",52.22,52.97,52.22,52.88,52.18,"23,535,000",1057
"Nov 27, 2023",51.98,52.45,51.98,52.26,51.56,"23,393,700",1056
"Nov 24, 2023",51.72,52.04,51.57,52.02,51.33,"13,975,200",1055
"Nov 22, 2023",51.91,52.02,51.46,51.56,50.87,"26,416,500",1054
"Nov 21, 2023",51.82,52.28,51.38,51.95,51.26,"29,382,300",1053
"Nov 20, 2023",51.85,52,51.67,51.77,51.08,"26,663,100",1052
"Nov 17, 2023",51.98,52.51,51.67,51.78,51.09,"42,487,800",1051
"Nov 16, 2023",52.92,53.15,51.83,52.01,51.32,"97,658,700",1050
"Nov 15, 2023",56.13,56.65,55.84,56.59,55.84,"35,769,900",1049
"Nov 14, 2023",56.06,56.38,55.75,55.88,55.14,"19,792,500",1048
"Nov 13, 2023",55.46,55.96,55.35,55.89,55.15,"15,408,900",1047
"Nov 10, 2023",54.85,55.48,54.63,55.4,54.66,"14,319,900",1046
"Nov 9, 2023",54.79,54.84,54.42,54.64,53.91,"15,080,100",1045
"Nov 8, 2023",55.28,55.43,54.53,54.77,54.04,"15,591,900",1044
"Nov 7, 2023",55.26,55.54,55.11,55.22,54.48,"15,023,400",1043
"Nov 6, 2023",54.83,55.21,54.69,54.96,54.23,"14,529,000",1042
"Nov 3, 2023",55.29,55.43,54.83,54.89,54.16,"17,240,100",1041
"Nov 2, 2023",54.79,55.4,54.54,55.17,54.44,"15,492,300",1040
"Nov 1, 2023",54.74,55.13,54.33,54.96,54.22,"14,899,500",1039
"Oct 31, 2023",54.33,54.54,53.98,54.47,53.74,"14,168,400",1038
"Oct 30, 2023",53.82,54.42,53.6,54.34,53.62,"12,653,700",1037
"Oct 27, 2023",53.83,53.99,53.52,53.72,53.01,"13,829,700",1036
"Oct 26, 2023",54.24,54.62,53.87,53.92,53.21,"16,220,100",1035
"Oct 25, 2023",54.39,54.78,54.16,54.25,53.53,"16,621,800",1034
"Oct 24, 2023",53.8,54.49,53.8,54.42,53.69,"17,535,000",1033
"Oct 23, 2023",52.91,53.78,52.67,53.67,52.96,"17,097,000",1032
"Oct 20, 2023",53.61,53.7,52.9,52.92,52.22,"15,056,700",1031
"Oct 19, 2023",53.81,53.94,53.41,53.59,52.88,"11,745,900",1030
"Oct 18, 2023",53.96,54.12,53.57,53.85,53.13,"10,559,100",1029
"Oct 17, 2023",53.58,53.9,53.46,53.81,53.09,"10,893,000",1028
"Oct 16, 2023",53.51,54.03,53.44,53.74,53.02,"14,348,100",1027
"Oct 13, 2023",53.09,53.49,52.97,53.28,52.57,"13,809,000",1026
"Oct 12, 2023",52.84,53.1,52.59,52.98,52.28,"13,514,100",1025
"Oct 11, 2023",52.75,53.16,52.35,52.74,52.04,"12,026,100",1024
"Oct 10, 2023",52.08,52.69,51.89,52.53,51.83,"16,014,300",1023
"Oct 9, 2023",51.69,51.95,51.09,51.95,51.25,"21,022,500",1022
"Oct 6, 2023",52.88,53,50.55,52.14,51.44,"42,616,200",1021
"Oct 5, 2023",53.48,53.65,53,53.03,52.32,"14,269,500",1020
"Oct 4, 2023",53.22,53.68,53,53.67,52.95,"15,755,700",1019
"Oct 3, 2023",53.23,53.58,52.89,53.03,52.32,"11,253,300",1018
"Oct 2, 2023",53.16,53.42,52.77,53.37,52.66,"12,992,700",1017
"Sep 29, 2023",54.34,54.38,53.06,53.31,52.6,"18,842,400",1016
"Sep 28, 2023",54,54.28,53.86,54.18,53.46,"11,617,200",1015
"Sep 27, 2023",54,54.08,53.43,53.91,53.19,"15,711,000",1014
"Sep 26, 2023",54.31,54.51,54.12,54.17,53.45,"14,435,700",1013
"Sep 25, 2023",54.12,54.37,53.96,54.36,53.63,"10,459,500",1012
"Sep 22, 2023",54.08,54.41,53.97,54.12,53.4,"13,215,000",1011
"Sep 21, 2023",54.75,54.83,53.93,53.97,53.25,"18,782,400",1010
"Sep 20, 2023",54.53,54.9,54.32,54.64,53.91,"10,120,800",1009
"Sep 19, 2023",54.46,54.59,54.12,54.46,53.73,"14,019,600",1008
"Sep 18, 2023",54.89,55.07,54.42,54.47,53.75,"12,997,800",1007
"Sep 15, 2023",55.07,55.22,54.59,54.88,54.15,"63,925,200",1006
"Sep 14, 2023",55,55.25,54.8,55.08,54.35,"14,923,800",1005
"Sep 13, 2023",54.98,55.28,54.79,54.85,54.12,"14,364,300",1004
"Sep 12, 2023",54.83,54.98,54.68,54.84,54.11,"11,757,300",1003
"Sep 11, 2023",54.67,54.83,54.55,54.78,54.05,"11,912,100",1002
"Sep 8, 2023",54.49,54.62,54.36,54.59,53.86,"12,667,200",1001
"Sep 7, 2023",54,54.49,53.83,54.49,53.76,"19,120,800",1000
"Sep 6, 2023",53.47,54.06,53.3,53.82,53.11,"14,594,700",999
"Sep 5, 2023",53.95,54.27,53.39,53.42,52.71,"15,209,400",998
"Sep 1, 2023",54.29,54.32,53.38,53.86,53.14,"12,553,500",997
"Aug 31, 2023",53.71,54.33,53.65,54.2,53.48,"19,582,800",996
"Aug 30, 2023",53.47,53.76,53.31,53.73,53.02,"10,967,700",995
"Aug 29, 2023",53,53.41,52.95,53.35,52.64,"12,702,300",994
"Aug 28, 2023",52.62,52.94,52.62,52.91,52.2,"11,871,000",993
"Aug 25, 2023",52.39,52.68,52.18,52.61,51.91,"12,267,000",992
"Aug 24, 2023",52.71,53.08,52.27,52.3,51.6,"14,033,100",991
"Aug 23, 2023",52.2,52.8,52.17,52.7,52,"14,210,400",990
"Aug 22, 2023",52.32,52.44,52.08,52.34,51.64,"16,670,700",989
"Aug 21, 2023",52.54,52.95,52.35,52.5,51.8,"15,679,200",988
"Aug 18, 2023",51.77,53.22,51.77,52.64,51.94,"27,954,900",987
"Aug 17, 2023",53.63,53.71,51.67,51.9,51.21,"53,614,200",986
"Aug 16, 2023",53.29,53.66,52.79,53.09,52.38,"26,980,800",985
"Aug 15, 2023",53.18,53.6,52.97,53.06,52.35,"14,559,300",984
"Aug 14, 2023",54,54.26,53.06,53.33,52.62,"20,813,700",983
"Aug 11, 2023",53.52,53.94,53.37,53.73,53.02,"14,195,100",982
"Aug 10, 2023",53.6,53.92,53.34,53.42,52.71,"15,169,500",981
"Aug 9, 2023",53.64,54.03,53.57,53.64,52.73,"13,209,600",980
"Aug 8, 2023",53.66,53.87,53.17,53.55,52.65,"11,017,500",979
"Aug 7, 2023",53.17,53.74,53.04,53.5,52.6,"14,268,900",978
"Aug 4, 2023",53.25,53.42,52.65,52.78,51.89,"14,262,000",977
"Aug 3, 2023",53.01,53.17,52.84,53.09,52.19,"13,202,700",976
"Aug 2, 2023",52.84,53.48,52.84,53.07,52.18,"12,660,000",975
"Aug 1, 2023",53.32,53.48,52.99,53.04,52.14,"11,782,500",974
"Jul 31, 2023",53.32,53.55,52.97,53.29,52.39,"13,033,200",973
"Jul 28, 2023",53.1,53.65,53.1,53.3,52.41,"11,020,200",972
"Jul 27, 2023",53.36,53.55,53.04,53.05,52.16,"13,400,400",971
"Jul 26, 2023",53.08,53.56,52.98,53.25,52.35,"15,094,200",970
"Jul 25, 2023",53.49,53.5,52.76,53.06,52.16,"15,553,800",969
"Jul 24, 2023",52.82,53.16,52.52,53.1,52.21,"12,529,800",968
"Jul 21, 2023",52.63,52.93,52.48,52.79,51.9,"16,960,500",967
"Jul 20, 2023",51.64,52.52,51.63,52.49,51.61,"14,987,700",966
"Jul 19, 2023",51.6,51.73,51.25,51.54,50.67,"12,372,900",965
"Jul 18, 2023",51.56,51.89,51.29,51.52,50.66,"13,437,300",964
"Jul 17, 2023",51.47,51.66,51.27,51.62,50.75,"10,135,200",963
"Jul 14, 2023",51.37,51.56,51.19,51.55,50.69,"10,427,400",962
"Jul 13, 2023",51.81,51.87,51.23,51.38,50.51,"11,859,600",961
"Jul 12, 2023",51.77,51.96,51.61,51.68,50.81,"16,509,900",960
"Jul 11, 2023",51.59,51.84,51.29,51.55,50.68,"11,460,900",959
"Jul 10, 2023",51.52,51.83,51.44,51.63,50.76,"12,967,800",958
"Jul 7, 2023",51.94,52.1,51.15,51.16,50.3,"19,774,800",957
"Jul 6, 2023",52.64,52.73,52.29,52.37,51.49,"14,427,000",956
"Jul 5, 2023",52.72,53.04,52.45,52.7,51.82,"17,585,400",955
"Jul 3, 2023",52.27,52.81,52.11,52.73,51.85,"8,647,500",954
"Jun 30, 2023",51.66,52.51,51.59,52.39,51.51,"19,073,100",953
"Jun 29, 2023",51.5,51.58,51.05,51.43,50.56,"21,530,400",952
"Jun 28, 2023",51.58,51.89,51.55,51.78,50.91,"18,889,800",951
"Jun 27, 2023",51.38,51.95,51.35,51.5,50.63,"12,093,600",950
"Jun 26, 2023",51.88,51.93,51.44,51.68,50.81,"14,106,300",949
"Jun 23, 2023",51.96,52.1,51.67,51.82,50.95,"18,975,000",948
"Jun 22, 2023",51.66,52.03,51.49,51.92,51.04,"13,307,400",947
"Jun 21, 2023",51.4,51.78,51.12,51.49,50.62,"19,251,000",946
"Jun 20, 2023",51.57,51.82,51.29,51.39,50.52,"19,994,400",945
"Jun 16, 2023",52.69,52.72,51.76,51.84,50.97,"34,675,800",944
"Jun 15, 2023",52.33,52.74,52.33,52.58,51.69,"18,160,500",943
"Jun 14, 2023",51.97,52.44,51.87,52.29,51.41,"21,103,200",942
"Jun 13, 2023",51.51,51.84,51.36,51.77,50.9,"15,738,900",941
"Jun 12, 2023",51.14,51.43,51.06,51.37,50.5,"14,713,500",940
"Jun 9, 2023",50.72,51.24,50.53,51.03,50.17,"15,603,900",939
"Jun 8, 2023",50.13,50.81,49.93,50.72,49.87,"18,873,000",938
"Jun 7, 2023",49.75,50.12,49.68,50,49.16,"24,256,500",937
"Jun 6, 2023",49.9,50.06,49.5,49.93,49.09,"15,015,600",936
"Jun 5, 2023",49.79,50.42,49.79,49.93,49.09,"15,553,200",935
"Jun 2, 2023",49.07,49.67,49.03,49.61,48.77,"19,178,100",934
"Jun 1, 2023",48.74,49.3,48.65,49.14,48.31,"20,239,200",933
"May 31, 2023",48.47,49.1,48.34,48.96,48.13,"30,130,800",932
"May 30, 2023",48.77,49.1,48.53,48.69,47.87,"15,742,500",931
"May 26, 2023",48.57,48.94,48.49,48.81,47.99,"15,720,900",930
"May 25, 2023",48.96,49.15,48.36,48.72,47.9,"21,299,100",929
"May 24, 2023",49.5,49.51,48.77,49.21,48.38,"20,515,200",928
"May 23, 2023",49.34,49.62,49.03,49.44,48.61,"16,302,300",927
"May 22, 2023",49.9,50.03,49.43,49.53,48.7,"16,117,800",926
"May 19, 2023",50.47,50.49,49.7,49.97,49.13,"27,594,000",925
"May 18, 2023",50.6,51.43,49.98,50.49,49.64,"46,768,500",924
"May 17, 2023",50.38,50.38,49.57,49.84,49.01,"26,985,900",923
"May 16, 2023",50.28,50.51,49.86,49.93,49.09,"15,512,100",922
"May 15, 2023",51.17,51.28,50.46,50.63,49.78,"16,113,900",921
"May 12, 2023",51.2,51.36,50.9,51.02,50.17,"16,119,300",920
"May 11, 2023",50.85,51.09,50.67,51.04,50.18,"11,926,800",919
"May 10, 2023",51.23,51.45,50.41,50.85,49.99,"15,827,700",918
"May 9, 2023",50.91,51.06,50.78,50.99,50.14,"15,209,700",917
"May 8, 2023",50.42,50.98,50.35,50.91,50.05,"14,926,200",916
"May 5, 2023",50.1,50.67,49.94,50.59,49.74,"14,556,000",915
"May 4, 2023",50.18,50.33,49.83,50.16,49.31,"14,011,200",914
"May 3, 2023",50.52,50.7,50.09,50.21,49.18,"12,334,500",913
"May 2, 2023",50.49,50.5,49.82,50.39,49.36,"11,329,500",912
"May 1, 2023",50.35,50.85,50.31,50.53,49.49,"11,409,600",911
"Apr 28, 2023",50.43,50.72,50.06,50.32,49.29,"14,088,600",910
"Apr 27, 2023",50.26,50.65,50.26,50.46,49.42,"12,861,000",909
"Apr 26, 2023",50.33,50.47,50.07,50.3,49.27,"12,910,200",908
"Apr 25, 2023",51.1,51.25,50.44,50.52,49.49,"17,246,700",907
"Apr 24, 2023",50.57,50.98,50.57,50.92,49.87,"13,579,500",906
"Apr 21, 2023",50.65,50.77,50.39,50.58,49.54,"25,335,000",905
"Apr 20, 2023",50.07,50.46,49.87,50.32,49.29,"13,641,600",904
"Apr 19, 2023",50.28,50.47,49.92,50,48.98,"12,433,500",903
"Apr 18, 2023",49.93,50.11,49.81,49.95,48.92,"13,482,300",902
"Apr 17, 2023",49.55,49.89,49.5,49.84,48.82,"16,166,700",901
"Apr 14, 2023",49.68,49.96,49.38,49.49,48.48,"10,464,900",900
"Apr 13, 2023",49.88,50,49.4,49.83,48.81,"13,272,600",899
"Apr 12, 2023",49.93,50.32,49.72,49.78,48.76,"11,209,800",898
"Apr 11, 2023",50.33,50.33,49.87,50.02,49,"18,370,500",897
"Apr 10, 2023",50.12,50.37,49.92,50.17,49.14,"14,519,100",896
"Apr 6, 2023",49.6,50.35,49.51,50.27,49.23,"17,891,700",895
"Apr 5, 2023",49.06,49.96,49.05,49.89,48.87,"26,540,700",894
"Apr 4, 2023",49.51,49.6,49.01,49.08,48.07,"18,113,700",893
"Apr 3, 2023",49.24,49.65,49.17,49.56,48.55,"19,766,700",892
"Mar 31, 2023",48.86,49.48,48.82,49.15,48.14,"20,868,000",891
"Mar 30, 2023",48.5,48.87,48.34,48.56,47.56,"21,879,000",890
"Mar 29, 2023",48.12,48.32,47.82,48.08,47.09,"24,216,900",889
"Mar 28, 2023",47.88,48.14,47.68,47.87,46.89,"21,282,900",888
"Mar 27, 2023",47.6,48.33,47.59,48.06,47.07,"26,775,600",887
"Mar 24, 2023",47,47.49,46.87,47.27,46.3,"22,752,300",886
"Mar 23, 2023",46.73,47.2,46.5,46.88,45.92,"22,044,300",885
"Mar 22, 2023",46.88,47.07,46.49,46.51,45.55,"18,548,400",884
"Mar 21, 2023",47.13,47.13,46.51,46.81,45.85,"19,013,400",883
"Mar 20, 2023",46.7,47.31,46.6,46.97,46,"33,928,500",882
"Mar 17, 2023",46.06,46.5,45.86,46.47,45.51,"43,081,200",881
"Mar 16, 2023",46.48,46.55,45.96,46.09,45.15,"28,905,600",880
"Mar 15, 2023",45.63,46.6,45.57,46.55,45.4,"33,133,500",879
"Mar 14, 2023",45.9,46.09,45.67,46.03,44.9,"25,542,600",878
"Mar 13, 2023",45.56,46.17,45.53,45.79,44.67,"28,142,100",877
"Mar 10, 2023",45.67,46.09,45.36,45.66,44.54,"20,065,200",876
"Mar 9, 2023",46.28,46.33,45.64,45.72,44.6,"15,415,800",875
"Mar 8, 2023",46.19,46.31,45.76,46.03,44.9,"19,090,800",874
"Mar 7, 2023",47.06,47.23,46.26,46.42,45.28,"17,387,400",873
"Mar 6, 2023",46.83,46.99,46.67,46.88,45.73,"16,720,800",872
"Mar 3, 2023",47.01,47.06,46.59,46.89,45.74,"16,888,800",871
"Mar 2, 2023",46.61,46.91,46.5,46.83,45.68,"14,785,500",870
"Mar 1, 2023",47.02,47.09,46.46,46.72,45.57,"14,180,100",869
"Feb 28, 2023",47,47.55,46.98,47.38,46.21,"18,054,000",868
"Feb 27, 2023",47.57,47.7,46.89,47.15,45.99,"16,647,300",867
"Feb 24, 2023",46.95,47.58,46.51,47.49,46.32,"20,623,500",866
"Feb 23, 2023",48.12,48.12,46.9,47.36,46.2,"22,021,200",865
"Feb 22, 2023",48.92,49.19,47.59,48.08,46.9,"29,844,000",864
"Feb 21, 2023",47.63,49.45,47.38,49.11,47.91,"54,393,900",863
"Feb 17, 2023",48.37,48.9,48.19,48.81,47.62,"24,770,700",862
"Feb 16, 2023",48.49,48.66,48.06,48.09,46.91,"16,312,200",861
"Feb 15, 2023",48.32,48.87,48.19,48.86,47.66,"14,674,200",860
"Feb 14, 2023",48.58,49.04,48.19,48.5,47.31,"13,831,200",859
"Feb 13, 2023",48.24,48.71,48.17,48.64,47.44,"16,015,800",858
"Feb 10, 2023",47.7,47.98,47.39,47.91,46.73,"15,002,700",857
"Feb 9, 2023",46.96,47.31,46.86,47.17,46.02,"13,064,400",856
"Feb 8, 2023",46.78,47.03,46.66,46.74,45.59,"11,691,300",855
"Feb 7, 2023",46.59,47.1,46.23,46.99,45.84,"16,341,300",854
"Feb 6, 2023",47.27,47.37,46.68,46.89,45.74,"17,454,000",853
"Feb 3, 2023",47.79,47.99,46.95,47.24,46.08,"17,155,500",852
"Feb 2, 2023",48.14,48.29,47.65,47.87,46.7,"17,806,800",851
"Feb 1, 2023",47.89,48.54,47.57,48.22,47.04,"12,849,300",850
"Jan 31, 2023",47.44,47.96,47.22,47.96,46.78,"14,103,600",849
"Jan 30, 2023",47.37,47.48,47.09,47.38,46.22,"15,897,600",848
"Jan 27, 2023",47.53,48.16,47.25,47.77,46.59,"18,412,800",847
"Jan 26, 2023",47.68,47.92,47.25,47.4,46.24,"15,819,000",846
"Jan 25, 2023",47.41,47.61,46.8,47.45,46.28,"12,491,700",845
"Jan 24, 2023",48.85,48.85,47,47.67,46.5,"13,669,200",844
"Jan 23, 2023",46.82,47.67,46.73,47.55,46.38,"13,149,900",843
"Jan 20, 2023",46.47,46.93,46.06,46.85,45.7,"29,543,100",842
"Jan 19, 2023",47.13,47.18,46.26,46.28,45.14,"17,342,100",841
"Jan 18, 2023",48.07,48.08,46.83,46.95,45.79,"22,674,300",840
"Jan 17, 2023",48.43,48.57,48.07,48.14,46.96,"15,122,400",839
"Jan 13, 2023",48.51,48.61,47.95,48.43,47.24,"13,699,800",838
"Jan 12, 2023",48.8,48.81,48.13,48.27,47.09,"12,472,800",837
"Jan 11, 2023",48.58,48.73,48.24,48.71,47.51,"14,834,700",836
"Jan 10, 2023",48.31,48.48,47.91,48.29,47.1,"11,970,600",835
"Jan 9, 2023",48.77,49.29,48.27,48.32,47.13,"17,756,700",834
"Jan 6, 2023",48.2,49.18,48.08,48.93,47.73,"21,231,900",833
"Jan 5, 2023",47.82,48.04,47.55,47.76,46.59,"13,274,400",832
"Jan 4, 2023",47.81,48.02,47.36,47.92,46.74,"13,338,300",830
"Jan 3, 2023",47.52,47.9,47.36,47.87,46.69,"17,249,700",829
"Dec 30, 2022",47.19,47.33,46.94,47.26,46.1,"11,505,900",828
"Dec 29, 2022",47.38,47.67,47.25,47.38,46.22,"9,171,900",827
"Dec 28, 2022",47.82,47.89,46.97,47.1,45.94,"15,246,300",826
"Dec 27, 2022",48.01,48.15,47.73,47.94,46.76,"10,044,600",825
"Dec 23, 2022",47.68,47.93,47.43,47.92,46.75,"9,547,500",824
"Dec 22, 2022",48.26,48.33,47.31,47.83,46.65,"13,082,400",823
"Dec 21, 2022",48.11,48.65,48.09,48.39,47.21,"13,726,500",822
"Dec 20, 2022",47.64,48.21,47.42,48.02,46.84,"17,009,400",821
"Dec 19, 2022",47.67,47.85,47.24,47.6,46.43,"15,067,500",820
"Dec 16, 2022",48.16,48.24,47.52,47.58,46.42,"40,343,100",819
"Dec 15, 2022",48.53,48.81,47.88,48.45,47.26,"17,514,000",818
"Dec 14, 2022",49.03,49.51,48.65,48.89,47.69,"20,334,600",817
"Dec 13, 2022",50,50.07,48.91,49.16,47.96,"23,408,100",816
"Dec 12, 2022",48.63,49.37,48.52,49.34,48.13,"19,432,200",815
"Dec 9, 2022",49.16,49.24,48.41,48.44,47.25,"27,929,400",814
"Dec 8, 2022",49.72,49.76,49.38,49.59,48.38,"13,512,600",813
"Dec 7, 2022",50.17,50.4,49.61,49.7,48.3,"17,550,300",812
"Dec 6, 2022",50.4,50.64,49.74,49.96,48.55,"20,625,600",811
"Dec 5, 2022",50.92,51,50.17,50.55,49.12,"23,608,200",810
"Dec 2, 2022",50.49,51.08,50.49,51.07,49.63,"20,733,000",809
"Dec 1, 2022",50.68,51.2,50.24,51.12,49.68,"22,732,200",808
"Nov 30, 2022",50.87,50.92,50.4,50.81,49.37,"31,338,000",807
"Nov 29, 2022",51.01,51.24,50.85,50.99,49.55,"13,841,700",806
"Nov 28, 2022",50.91,51.55,50.91,51.17,49.73,"17,674,800",805
"Nov 25, 2022",50.71,51.03,50.62,51.02,49.58,"8,777,400",804
"Nov 23, 2022",50.69,51.12,50.63,50.81,49.37,"16,920,600",803
"Nov 22, 2022",50.67,50.82,50.37,50.56,49.14,"16,898,400",802
"Nov 21, 2022",50.2,50.71,50.06,50.38,48.96,"21,157,200",801
"Nov 18, 2022",49.89,50.08,49.59,50.08,48.66,"18,987,000",800
"Nov 17, 2022",49,49.58,48.9,49.33,47.94,"24,791,400",799
"Nov 16, 2022",49.29,50.07,49.04,49.5,48.1,"32,593,200",798
"Nov 15, 2022",48.54,50.09,48.18,49.15,47.76,"76,548,600",797
"Nov 14, 2022",47.21,47.77,46.09,46.13,44.83,"37,525,800",796
"Nov 11, 2022",47.56,47.71,46.66,47.53,46.19,"19,270,800",795
"Nov 10, 2022",47.5,47.56,46.83,47.45,46.12,"20,310,600",794
"Nov 9, 2022",47.59,47.72,46.4,46.49,45.18,"15,932,100",793
"Nov 8, 2022",47.53,48.02,47.17,47.6,46.25,"15,068,400",792
"Nov 7, 2022",47.09,47.66,47.09,47.48,46.14,"11,364,000",791
"Nov 4, 2022",47.34,47.4,46.26,46.99,45.67,"14,669,400",790
"Nov 3, 2022",46.5,47.24,46.36,46.91,45.58,"10,976,400",789
"Nov 2, 2022",47.05,47.86,46.9,46.92,45.59,"15,522,000",788
"Nov 1, 2022",47.66,47.85,47.17,47.23,45.9,"14,814,300",787
"Oct 31, 2022",47.45,47.69,47.26,47.44,46.11,"22,572,000",786
"Oct 28, 2022",46.68,47.63,46.68,47.5,46.16,"13,648,200",785
"Oct 27, 2022",47,47.37,46.76,46.91,45.59,"16,602,900",784
"Oct 26, 2022",46.79,47.35,46.61,47.05,45.72,"20,754,300",783
"Oct 25, 2022",46.36,46.81,46.11,46.69,45.37,"15,051,300",782
"Oct 24, 2022",45.82,46.83,45.71,46.47,45.16,"18,806,700",781
"Oct 21, 2022",44.94,45.8,44.67,45.6,44.31,"18,134,700",780
"Oct 20, 2022",44.66,45.13,44.55,44.7,43.44,"12,754,800",779
"Oct 19, 2022",44.78,44.91,44.32,44.59,43.33,"11,339,400",778
"Oct 18, 2022",44.48,45.03,44.44,44.71,43.45,"16,842,300",777
"Oct 17, 2022",43.65,44.28,43.53,43.79,42.56,"17,812,500",776
"Oct 14, 2022",44.15,44.41,43.35,43.48,42.25,"16,641,000",775
"Oct 13, 2022",43.09,44.31,42.79,44.09,42.85,"20,545,500",774
"Oct 12, 2022",44.34,44.92,43.66,43.72,42.49,"16,947,600",773
"Oct 11, 2022",43.17,44.6,43.15,44.22,42.98,"21,276,000",772
"Oct 10, 2022",43.18,43.31,42.76,43.11,41.89,"11,411,700",771
"Oct 7, 2022",43.77,43.88,42.69,42.85,41.65,"17,080,500",770
"Oct 6, 2022",44.36,44.83,43.86,43.89,42.66,"14,200,500",769
"Oct 5, 2022",44.59,44.87,44.17,44.31,43.06,"14,553,900",768
"Oct 4, 2022",44.62,45.07,44.46,44.75,43.49,"16,134,300",767
"Oct 3, 2022",43.41,44.26,43.34,44.18,42.93,"17,574,900",766
"Sep 30, 2022",44.08,44.12,43.23,43.23,42.01,"19,602,300",765
"Sep 29, 2022",44.5,44.71,43.88,44.08,42.84,"15,241,500",764
"Sep 28, 2022",43.8,44.55,43.24,44.37,43.12,"16,838,400",763
"Sep 27, 2022",44.08,44.48,43.43,43.65,42.42,"17,171,700",762
"Sep 26, 2022",42.92,44.05,42.76,43.77,42.54,"23,011,200",761
"Sep 23, 2022",44.29,44.39,42.92,43.35,42.13,"27,195,300",760
"Sep 22, 2022",44.86,44.91,44.28,44.46,43.21,"16,744,500",759
"Sep 21, 2022",45.15,45.82,44.87,44.92,43.66,"24,903,600",758
"Sep 20, 2022",44.49,44.63,44.18,44.52,43.26,"13,963,500",757
"Sep 19, 2022",44.27,44.92,44.16,44.78,43.51,"16,853,100",756
"Sep 16, 2022",44,44.85,43.76,44.4,43.14,"41,874,300",755
"Sep 15, 2022",45.02,45.05,44.32,44.49,43.24,"20,189,400",754
"Sep 14, 2022",45.21,45.51,44.7,44.97,43.71,"19,934,700",753
"Sep 13, 2022",45.62,45.98,44.94,45.07,43.8,"17,687,400",752
"Sep 12, 2022",45.69,46.08,45.66,46.02,44.73,"14,284,500",751
"Sep 9, 2022",45.43,45.83,45.38,45.61,44.33,"16,140,600",750
"Sep 8, 2022",45.13,45.62,44.96,45.48,44.19,"16,956,000",749
"Sep 7, 2022",44.35,45.32,44.25,45.25,43.97,"17,058,900",748
"Sep 6, 2022",44.35,44.54,43.57,44.11,42.87,"21,899,700",747
"Sep 2, 2022",44.95,45.22,44.15,44.33,43.08,"17,234,400",746
"Sep 1, 2022",44.18,45.05,44.13,44.83,43.56,"21,741,900",745
"Aug 31, 2022",44.26,44.6,43.98,44.18,42.94,"22,460,700",744
"Aug 30, 2022",44.45,44.55,43.91,44.16,42.91,"14,468,100",743
"Aug 29, 2022",43.61,44.62,43.53,44.29,43.04,"17,381,700",742
"Aug 26, 2022",45.37,45.61,43.84,43.87,42.63,"21,331,800",741
"Aug 25, 2022",45.09,45.33,45.01,45.29,44.01,"19,414,500",740
"Aug 24, 2022",44.78,45.1,44.53,44.99,43.72,"15,766,500",739
"Aug 23, 2022",44.87,44.99,44.4,44.67,43.41,"16,955,100",738
"Aug 22, 2022",45.4,45.57,44.81,44.86,43.59,"18,667,200",737
"Aug 19, 2022",46.31,46.36,45.64,45.67,44.39,"22,918,800",736
"Aug 18, 2022",46.51,46.81,46.17,46.36,45.05,"19,197,600",735
"Aug 17, 2022",46.19,47.57,46.13,46.51,45.2,"41,792,100",734
"Aug 16, 2022",46.3,46.98,46.06,46.46,45.15,"91,773,300",733
"Aug 15, 2022",43.88,44.52,43.79,44.2,42.95,"26,516,100",732
"Aug 12, 2022",43.33,44.28,43.27,44.07,42.83,"26,625,000",731
"Aug 11, 2022",43.23,43.46,42.87,43.27,42.05,"23,854,500",730
"Aug 10, 2022",43.33,43.38,42.8,43.05,41.65,"25,251,000",729
"Aug 9, 2022",42.63,42.99,42.4,42.96,41.56,"19,325,100",728
"Aug 8, 2022",42.22,42.74,42.2,42.54,41.16,"18,175,200",727
"Aug 5, 2022",41.84,42.27,41.71,42.19,40.83,"32,007,000",726
"Aug 4, 2022",43.56,43.6,41.78,41.86,40.5,"53,106,000",725
"Aug 3, 2022",44.05,44.31,43.29,43.5,42.09,"32,003,100",724
"Aug 2, 2022",44.38,44.57,43.8,44.23,42.79,"19,695,000",723
"Aug 1, 2022",43.69,44.74,43.67,44.18,42.75,"24,996,300",722
"Jul 29, 2022",42.77,44.09,42.67,44.02,42.59,"30,141,900",721
"Jul 28, 2022",42.09,43.5,42.09,43.25,41.85,"33,262,200",720
"Jul 27, 2022",40.41,42.26,40.34,42.2,40.83,"42,159,600",719
"Jul 26, 2022",40.38,40.9,40.02,40.66,39.34,"95,391,600",718
"Jul 25, 2022",44.13,44.23,43.82,44.01,42.58,"20,535,300",717
"Jul 22, 2022",44.18,44.46,43.74,44.07,42.64,"13,616,400",716
"Jul 21, 2022",43.56,44.19,43.5,44.18,42.75,"18,764,700",715
"Jul 20, 2022",43.5,43.77,43.17,43.55,42.14,"18,564,900",714
"Jul 19, 2022",43.13,43.32,42.87,43.19,41.79,"16,995,300",713
"Jul 18, 2022",42.88,43.43,42.75,42.92,41.53,"14,243,700",712
"Jul 15, 2022",42.93,43.42,42.68,43.02,41.63,"21,184,200",711
"Jul 14, 2022",41.39,42.77,41.38,42.61,41.23,"20,905,500",710
"Jul 13, 2022",41.48,42.15,41.3,41.79,40.44,"12,689,100",709
"Jul 12, 2022",41.7,42.38,41.57,41.69,40.34,"13,732,200",708
"Jul 11, 2022",41.67,42.11,41.54,41.82,40.46,"11,532,900",707
"Jul 8, 2022",41.94,42.2,41.72,41.8,40.45,"14,751,000",706
"Jul 7, 2022",41.73,41.84,41.37,41.77,40.42,"17,487,300",705
"Jul 6, 2022",41.49,42.09,41.43,41.71,40.36,"21,300,000",704
"Jul 5, 2022",40.74,41.5,40.54,41.42,40.07,"18,218,100",703
"Jul 1, 2022",40.65,40.97,40.39,40.88,39.55,"17,460,900",702
"Jun 30, 2022",40.29,40.69,39.96,40.53,39.21,"19,166,100",701
"Jun 29, 2022",40.96,41.12,40.32,40.64,39.32,"19,111,500",700
"Jun 28, 2022",41.55,41.86,40.76,40.79,39.47,"15,399,000",699
"Jun 27, 2022",41.26,41.58,40.93,41.37,40.03,"19,889,100",698
"Jun 24, 2022",41.36,41.77,41.05,41.24,39.9,"31,845,900",697
"Jun 23, 2022",40.58,41.32,40.4,41.21,39.87,"18,040,800",696
"Jun 22, 2022",40.7,41.08,40.2,40.23,38.93,"20,235,000",695
"Jun 21, 2022",39.43,40.93,39.41,40.72,39.4,"23,916,600",694
"Jun 17, 2022",40.01,40.29,39.32,39.43,38.15,"36,838,800",693
"Jun 16, 2022",39.45,40.59,39.41,40.21,38.9,"30,706,800",692
"Jun 15, 2022",39.99,40.14,39.3,39.79,38.5,"25,914,000",691
"Jun 14, 2022",39.71,40,39.39,39.82,38.53,"21,544,200",690
"Jun 13, 2022",39.91,40.41,39.7,39.8,38.51,"24,897,900",689
"Jun 10, 2022",39.92,40.91,39.78,40.57,39.25,"25,238,100",688
"Jun 9, 2022",40.67,41.45,40.33,40.34,39.03,"19,880,100",687
"Jun 8, 2022",40.78,41.3,40.65,40.77,39.45,"22,522,800",686
"Jun 7, 2022",40.41,41.16,40.29,41.12,39.79,"47,707,800",685
"Jun 6, 2022",41.94,42.1,41.53,41.62,40.27,"19,855,500",684
"Jun 3, 2022",42.22,42.47,41.7,41.77,40.42,"18,302,700",683
"Jun 2, 2022",41.86,42.51,41.44,42.5,41.13,"23,214,300",682
"Jun 1, 2022",42.83,42.97,41.56,41.82,40.46,"28,534,800",681
"May 31, 2022",42.49,43.3,42.47,42.88,41.49,"36,912,300",680
"May 27, 2022",41.83,42.87,41.77,42.83,41.44,"25,299,900",679
"May 26, 2022",41.77,42.13,41.47,42,40.64,"28,197,600",678
"May 25, 2022",41.33,41.56,40.87,41.12,39.79,"27,121,800",677
"May 24, 2022",40.4,41.52,40.36,41.38,40.04,"34,584,900",676
"May 23, 2022",39.97,41.26,39.95,40.87,39.54,"43,680,900",675
"May 20, 2022",39.88,40.28,39.09,39.73,38.45,"49,356,000",674
"May 19, 2022",40.29,40.6,39.53,39.69,38.4,"71,008,500",673
"May 18, 2022",42.68,42.76,40.51,40.81,39.49,"104,253,000",672
"May 17, 2022",45.48,45.81,43.55,43.78,42.36,"132,940,200",671
"May 16, 2022",49.79,49.91,48.82,49.4,47.8,"21,449,100",670
"May 13, 2022",49.24,49.46,48.71,49.35,47.75,"19,962,300",669
"May 12, 2022",49.29,50.05,48.84,49.16,47.57,"25,244,400",668
"May 11, 2022",49.8,50.25,48.97,49.21,47.61,"27,878,700",667
"May 10, 2022",50.48,50.76,49.52,49.73,48.11,"24,861,300",666
"May 9, 2022",49.49,51.03,49.4,50.44,48.8,"28,207,200",665
"May 6, 2022",50.57,51.32,49.42,49.85,48.24,"34,258,200",664
"May 5, 2022",51.21,51.28,50.47,50.91,49.26,"23,234,400",663
"May 4, 2022",50.68,51.61,50.5,51.54,49.69,"20,022,600",662
"May 3, 2022",50.81,51.43,50.59,50.84,49.01,"17,950,500",661
"May 2, 2022",51.65,51.66,50.11,50.66,48.84,"20,016,000",660
"Apr 29, 2022",51.94,52.07,50.9,51,49.17,"21,088,800",659
"Apr 28, 2022",51.74,52.33,51.37,52.07,50.2,"14,955,900",658
"Apr 27, 2022",51.84,52.07,51.34,51.41,49.57,"17,496,900",657
"Apr 26, 2022",52.12,52.71,51.73,51.77,49.91,"19,601,100",656
"Apr 25, 2022",52.12,52.49,51.45,52.31,50.43,"18,057,600",655
"Apr 22, 2022",53.42,53.45,52.22,52.29,50.41,"21,046,200",654
"Apr 21, 2022",53.31,53.59,53.02,53.29,51.38,"18,168,300",653
"Apr 20, 2022",52.78,53.45,52.76,53.21,51.3,"19,821,600",652
"Apr 19, 2022",52.22,52.65,52.01,52.55,50.66,"15,855,000",651
"Apr 18, 2022",52.25,52.66,51.74,51.96,50.09,"14,671,800",650
"Apr 14, 2022",52.37,52.76,52.14,52.36,50.48,"22,360,500",649
"Apr 13, 2022",51.15,52.6,51.12,52.41,50.52,"29,284,500",648
"Apr 12, 2022",51.41,51.8,50.85,51.08,49.24,"26,761,200",647
"Apr 11, 2022",52.32,52.75,51.21,51.43,49.58,"24,712,800",646
"Apr 8, 2022",52.3,52.8,52.07,52.47,50.59,"23,294,400",645
"Apr 7, 2022",51.7,52.51,51.48,52.18,50.31,"27,088,200",644
"Apr 6, 2022",50.34,51.81,50.17,51.66,49.81,"28,018,500",643
"Apr 5, 2022",50.29,51.11,50.29,50.49,48.68,"18,657,900",642
"Apr 4, 2022",50.3,51.07,50.03,50.35,48.54,"25,332,600",641
"Apr 1, 2022",49.89,50.42,49.61,50.34,48.53,"20,939,700",640
"Mar 31, 2022",49.6,50.18,49.39,49.64,47.86,"27,163,800",639
"Mar 30, 2022",49.04,50.06,49.01,49.96,48.16,"24,991,500",638
"Mar 29, 2022",48.87,49.37,48.75,49.08,47.31,"19,934,400",637
"Mar 28, 2022",47.83,48.69,47.77,48.67,46.92,"20,105,700",636
"Mar 25, 2022",47.82,47.98,47.42,47.82,46.1,"14,085,300",635
"Mar 24, 2022",47.46,47.97,47.29,47.61,45.9,"13,440,900",634
"Mar 23, 2022",47.71,47.91,47.17,47.32,45.62,"19,625,400",633
"Mar 22, 2022",48.2,48.32,47.66,47.93,46.21,"20,235,000",632
"Mar 21, 2022",48.48,49.1,47.87,48.08,46.35,"21,350,700",631
"Mar 18, 2022",48.39,48.52,48.04,48.48,46.74,"31,233,300",630
"Mar 17, 2022",48.15,48.43,47.55,48.34,46.6,"19,023,000",629
"Mar 16, 2022",48.46,48.98,47.9,48.45,46.53,"24,615,900",628
"Mar 15, 2022",48.18,48.72,47.95,48.59,46.67,"22,872,600",627
"Mar 14, 2022",47.34,48.28,47.33,48.02,46.11,"22,646,400",626
"Mar 11, 2022",47.43,48.02,47.29,47.36,45.48,"19,162,200",625
"Mar 10, 2022",46.5,47.67,46.34,47.54,45.66,"27,512,700",624
"Mar 9, 2022",46.67,46.75,46.05,46.49,44.64,"22,122,900",623
"Mar 8, 2022",47.17,47.49,46.19,46.25,44.41,"28,305,600",622
"Mar 7, 2022",47.1,47.88,46.82,47.22,45.35,"45,870,000",621
"Mar 4, 2022",45.94,47.65,45.86,47.61,45.72,"35,576,400",620
"Mar 3, 2022",45.76,46.82,45.52,46.43,44.59,"29,885,100",619
"Mar 2, 2022",45.22,45.61,45.06,45.39,43.59,"23,863,800",618
"Mar 1, 2022",45.29,45.96,45.01,45.33,43.53,"24,024,900",617
"Feb 28, 2022",45,45.36,44.59,45.05,43.27,"26,286,600",616
"Feb 25, 2022",44.94,45.59,44.7,45.46,43.66,"24,997,800",615
"Feb 24, 2022",44.64,45,44,44.84,43.07,"31,717,500",614
"Feb 23, 2022",45.62,45.73,44.95,45.02,43.23,"21,030,900",613
"Feb 22, 2022",45.92,46.08,45.31,45.48,43.68,"25,380,900",612
"Feb 18, 2022",46.03,46.53,45.72,46,44.17,"31,103,400",611
"Feb 17, 2022",44.67,46.49,44.59,46.29,44.46,"53,831,400",610
"Feb 16, 2022",44.78,44.96,44.23,44.51,42.75,"28,490,700",609
"Feb 15, 2022",44.91,45.22,44.6,44.79,43.01,"21,824,400",608
"Feb 14, 2022",45.11,45.32,44.24,44.65,42.88,"29,363,400",607
"Feb 11, 2022",45.61,45.73,44.72,45.11,43.32,"23,733,300",606
"Feb 10, 2022",45.52,45.67,45.15,45.36,43.56,"27,810,600",605
"Feb 9, 2022",46.17,46.26,45.82,45.9,44.08,"21,473,700",604
"Feb 8, 2022",46.11,46.41,45.84,46,44.17,"19,458,900",603
"Feb 7, 2022",46.69,46.69,45.87,45.99,44.16,"20,010,300",602
"Feb 4, 2022",46.96,47,46.12,46.44,44.6,"22,036,500",601
"Feb 3, 2022",46.75,47.33,46.59,47,45.13,"20,741,100",600
"Feb 2, 2022",47,47.21,46.72,46.95,45.09,"18,149,700",599
"Feb 1, 2022",46.4,47.05,46.33,46.97,45.11,"20,323,200",598
"Jan 31, 2022",45.7,46.68,45.57,46.6,44.76,"20,193,600",597
"Jan 28, 2022",45.33,45.86,44.65,45.84,44.02,"25,131,900",596
"Jan 27, 2022",45.64,46.36,45.12,45.28,43.49,"27,759,000",595
"Jan 26, 2022",45.78,46.26,45.05,45.25,43.46,"26,185,500",594
"Jan 25, 2022",46.66,46.79,45.6,45.72,43.9,"29,479,500",593
"Jan 24, 2022",46.36,46.84,45.77,46.73,44.88,"28,699,200",592
"Jan 21, 2022",47.07,47.42,46.69,46.73,44.88,"27,508,200",591
"Jan 20, 2022",47.45,48.15,47.02,47.07,45.21,"22,387,200",590
"Jan 19, 2022",47.51,48.33,47.31,47.98,46.08,"22,674,000",589
"Jan 18, 2022",48.14,48.23,47.38,47.51,45.62,"21,123,900",588
"Jan 14, 2022",48.07,48.88,48.07,48.35,46.44,"26,867,400",587
"Jan 13, 2022",47.81,48.56,47.7,48.49,46.57,"24,252,600",586
"Jan 12, 2022",47.89,47.99,47.67,47.81,45.92,"18,946,800",585
"Jan 11, 2022",48.07,48.21,47.73,48.07,46.16,"21,668,700",584
"Jan 10, 2022",48.48,48.53,47.71,48.2,46.29,"22,731,600",583
"Jan 7, 2022",47.83,48.45,47.65,48.3,46.38,"19,723,500",582
"Jan 6, 2022",47.87,48.21,47.47,47.84,45.94,"21,828,900",581
"Jan 5, 2022",47.62,48.65,47.58,47.97,46.07,"35,418,000",580
"Jan 4, 2022",48.01,48.38,47.25,47.33,45.46,"33,930,000",579
"Jan 3, 2022",48,48.26,47.67,48.22,46.31,"20,706,600",578
"Dec 31, 2021",47.73,48.35,47.64,48.23,46.32,"17,947,800",577
"Dec 30, 2021",47.75,47.9,47.49,47.72,45.83,"14,949,000",576
"Dec 29, 2021",47.55,47.84,47.44,47.57,45.68,"13,045,200",575
"Dec 28, 2021",46.87,47.66,46.87,47.59,45.71,"15,783,000",574
"Dec 27, 2021",46.53,46.96,46.52,46.92,45.06,"16,040,700",573
"Dec 23, 2021",46.6,46.72,46.28,46.5,44.65,"17,592,600",572
"Dec 22, 2021",46.63,46.66,46.18,46.6,44.75,"17,028,000",571
"Dec 21, 2021",46.3,46.62,46,46.54,44.7,"24,620,400",570
"Dec 20, 2021",46.04,46.58,45.87,46.4,44.56,"31,017,900",569
"Dec 17, 2021",47.58,47.98,46.13,46.25,44.42,"78,581,100",568
"Dec 16, 2021",48.59,48.84,47.63,47.78,45.89,"39,069,600",567
"Dec 15, 2021",48.4,48.82,47.8,48.59,46.66,"33,489,900",566
"Dec 14, 2021",47.77,48.43,47.38,48.31,46.4,"46,721,400",565
"Dec 13, 2021",46.75,47.92,46.67,47.86,45.96,"54,039,300",564
"Dec 10, 2021",46.11,47.1,45.86,47.01,45.15,"38,575,500",563
"Dec 9, 2021",45.54,46.19,45.24,46.17,44.34,"32,351,700",562
"Dec 8, 2021",46.02,46.17,45.34,45.72,43.73,"34,496,400",561
"Dec 7, 2021",46.53,46.61,46.03,46.18,44.18,"37,739,100",560
"Dec 6, 2021",45.85,46.45,45.7,46.33,44.32,"32,589,300",559
"Dec 3, 2021",45.29,45.96,45.1,45.84,43.84,"44,142,600",558
"Dec 2, 2021",45.88,46.15,45.08,45.16,43.19,"39,805,800",557
"Dec 1, 2021",46.84,46.91,45.68,45.71,43.73,"36,621,300",556
"Nov 30, 2021",47.16,47.5,46.67,46.88,44.84,"64,818,900",555
"Nov 29, 2021",48.33,48.42,47.41,47.54,45.48,"33,039,600",554
"Nov 26, 2021",48.81,49.29,48.14,48.3,46.2,"21,039,600",553
"Nov 24, 2021",48.58,49.02,48.55,48.85,46.72,"18,089,400",552
"Nov 23, 2021",48.08,48.66,47.75,48.6,46.49,"29,907,900",551
"Nov 22, 2021",47.55,48.45,47.33,48.26,46.16,"29,126,400",550
"Nov 19, 2021",47.87,48,47.31,47.46,45.4,"28,119,300",549
"Nov 18, 2021",47.38,47.76,46.95,47.72,45.65,"24,394,200",548
"Nov 17, 2021",47.72,48.24,47.27,47.31,45.26,"33,116,100",547
"Nov 16, 2021",48.37,48.89,47.43,47.72,45.65,"73,986,600",546
"Nov 15, 2021",49.38,49.48,48.8,48.97,46.84,"28,896,000",545
"Nov 12, 2021",49.67,49.75,49.18,49.25,47.11,"18,313,800",544
"Nov 11, 2021",49.59,49.66,49.4,49.5,47.35,"13,603,200",543
"Nov 10, 2021",49.58,49.87,49.33,49.48,47.33,"16,803,600",542
"Nov 9, 2021",49.84,49.96,49.62,49.93,47.76,"15,001,800",541
"Nov 8, 2021",50.07,50.17,49.58,49.76,47.59,"15,373,200",540
"Nov 5, 2021",50.67,50.67,49.87,50.08,47.9,"15,081,900",539
"Nov 4, 2021",50.06,50.62,49.94,50.43,48.23,"15,149,100",538
"Nov 3, 2021",49.87,50.1,49.68,50.06,47.88,"14,209,500",537
"Nov 2, 2021",49.99,50.06,49.76,49.91,47.74,"13,638,900",536
"Nov 1, 2021",49.99,50.25,49.78,49.93,47.76,"12,549,600",535
"Oct 29, 2021",49.3,50.03,49.19,49.81,47.64,"22,022,700",534
"Oct 28, 2021",49.45,49.66,49.24,49.48,47.33,"12,598,500",533
"Oct 27, 2021",49.65,49.67,49.13,49.18,47.04,"14,565,600",532
"Oct 26, 2021",50,50.18,49.49,49.58,47.43,"17,418,600",531
"Oct 25, 2021",49.59,50.17,49.34,50.02,47.85,"19,287,900",530
"Oct 22, 2021",49.03,49.9,49.03,49.45,47.3,"21,195,600",529
"Oct 21, 2021",48.86,48.97,48.6,48.94,46.81,"13,954,500",528
"Oct 20, 2021",48.3,48.83,48.3,48.67,46.55,"17,453,700",527
"Oct 19, 2021",48.21,48.54,47.89,48.23,46.13,"33,444,300",526
"Oct 18, 2021",46.67,47.34,46.61,47.23,45.17,"19,887,000",525
"Oct 15, 2021",46.87,47.03,46.65,46.85,44.81,"20,737,200",524
"Oct 14, 2021",46.17,46.69,46.17,46.62,44.6,"19,783,500",523
"Oct 13, 2021",46.5,46.67,46.04,46.12,44.12,"17,937,900",522
"Oct 12, 2021",46.45,46.8,46.36,46.46,44.44,"15,789,300",521
"Oct 11, 2021",46.51,46.93,46.48,46.51,44.49,"13,048,200",520
"Oct 8, 2021",46.55,46.7,46.34,46.55,44.53,"13,847,400",519
"Oct 7, 2021",46.26,46.9,46.25,46.41,44.4,"21,068,100",518
"Oct 6, 2021",45.41,45.93,45.38,45.87,43.88,"19,376,700",517
"Oct 5, 2021",45.32,45.9,45.3,45.54,43.56,"20,597,400",516
"Oct 4, 2021",45.7,46.08,44.9,45.24,43.28,"29,970,300",515
"Oct 1, 2021",46.42,46.54,45.31,45.68,43.7,"30,014,400",514
"Sep 30, 2021",46.88,47.24,46.42,46.46,44.44,"22,457,700",513
"Sep 29, 2021",46.88,47.28,46.77,46.81,44.78,"21,375,600",512
"Sep 28, 2021",47.29,47.36,46.66,46.83,44.8,"20,580,900",511
"Sep 27, 2021",47.62,47.85,47.28,47.42,45.35,"21,250,800",510
"Sep 24, 2021",47.5,47.9,47.5,47.72,45.65,"13,360,500",509
"Sep 23, 2021",47.74,47.88,47.48,47.59,45.52,"15,585,300",508
"Sep 22, 2021",47.82,47.87,47.43,47.56,45.5,"15,044,400",507
"Sep 21, 2021",47.57,48.19,47.56,47.67,45.6,"17,437,500",506
"Sep 20, 2021",47.83,48.4,47.21,47.58,45.51,"25,054,500",505
"Sep 17, 2021",48.05,48.72,48.01,48.24,46.15,"73,032,600",504
"Sep 16, 2021",48.15,48.44,47.9,48.34,46.24,"18,428,400",503
"Sep 15, 2021",48.02,48.25,47.93,48.18,46.09,"14,850,000",502
"Sep 14, 2021",48.49,48.63,47.97,48.1,46.01,"16,533,900",501
"Sep 13, 2021",48.84,49.05,48.21,48.35,46.25,"19,529,400",500
"Sep 10, 2021",49.07,49.08,48.48,48.63,46.52,"15,775,200",499
"Sep 9, 2021",49.15,49.2,48.61,48.81,46.68,"22,328,700",498
"Sep 8, 2021",48.98,49.44,48.91,49.15,47.02,"19,508,400",497
"Sep 7, 2021",49.66,49.72,49.02,49.09,46.96,"25,345,200",496
"Sep 3, 2021",49.4,49.88,49.3,49.75,47.59,"17,211,900",495
"Sep 2, 2021",49.37,49.6,49.23,49.52,47.37,"20,018,100",494
"Sep 1, 2021",49.19,49.31,48.86,49.26,47.12,"19,056,600",493
"Aug 31, 2021",49.33,49.48,49.08,49.37,47.22,"25,078,500",492
"Aug 30, 2021",48.81,49.33,48.67,49.23,47.09,"16,440,600",491
"Aug 27, 2021",49.17,49.23,48.73,48.84,46.72,"23,088,600",490
"Aug 26, 2021",49.16,49.42,48.89,49.12,46.98,"23,466,900",489
"Aug 25, 2021",49.47,49.76,49.34,49.65,47.49,"21,921,300",488
"Aug 24, 2021",50.17,50.17,49.57,49.63,47.48,"18,828,900",487
"Aug 23, 2021",50.51,50.6,50.14,50.15,47.97,"16,166,100",486
"Aug 20, 2021",50.16,50.57,49.92,50.48,48.29,"19,400,400",485
"Aug 19, 2021",49.44,50.22,49.33,50.04,47.86,"22,630,500",484
"Aug 18, 2021",50.18,50.86,49.67,49.7,47.54,"28,211,700",483
"Aug 17, 2021",50.13,50.83,49.7,50.23,48.05,"50,950,200",482
"Aug 16, 2021",49.89,50.58,49.68,50.25,48.07,"47,791,500",481
"Aug 13, 2021",49.79,50.12,49.72,49.84,47.68,"15,981,300",480
"Aug 12, 2021",49.67,50.07,49.6,49.69,47.53,"18,269,100",479
"Aug 11, 2021",49.84,50.53,49.72,50,47.65,"41,455,800",478
"Aug 10, 2021",48.99,49.65,48.75,49.56,47.23,"38,262,000",477
"Aug 9, 2021",48.64,48.83,48.47,48.53,46.25,"15,811,800",476
"Aug 6, 2021",48.74,48.82,48.32,48.41,46.14,"19,263,600",475
"Aug 5, 2021",48.08,48.51,48,48.5,46.22,"27,005,400",473
"Aug 4, 2021",47.79,47.98,47.58,47.61,45.38,"15,301,500",473
"Aug 3, 2021",47.48,47.97,47.45,47.94,45.69,"18,915,300",472
"Aug 2, 2021",47.61,47.62,47.22,47.41,45.18,"19,958,400",471
"Jul 30, 2021",47.07,47.65,47.07,47.52,45.28,"16,332,300",470
"Jul 29, 2021",47.55,47.62,47.34,47.41,45.19,"11,063,100",469
"Jul 28, 2021",47.49,47.75,47.22,47.35,45.13,"14,071,500",468
"Jul 27, 2021",47.67,47.67,47.32,47.55,45.31,"15,395,700",467
"Jul 26, 2021",47.45,47.95,47.15,47.54,45.31,"18,517,200",466
"Jul 23, 2021",47.17,47.57,47,47.48,45.25,"15,947,400",465
"Jul 22, 2021",47.04,47.37,46.93,47.09,44.88,"13,013,400",464
"Jul 21, 2021",47.5,47.51,46.9,47.06,44.85,"18,591,900",463
"Jul 20, 2021",46.99,47.49,46.93,47.29,45.07,"19,020,300",462
"Jul 19, 2021",47.14,47.66,46.59,47.08,44.86,"27,383,100",461
"Jul 16, 2021",47.23,47.38,46.98,47.19,44.97,"18,095,400",460
"Jul 15, 2021",47.33,47.55,47.03,47.22,45,"17,974,800",459
"Jul 14, 2021",46.9,47.27,46.61,47.18,44.97,"18,812,100",458
"Jul 13, 2021",46.66,47.06,46.65,46.86,44.66,"18,947,700",457
"Jul 12, 2021",46.9,46.93,46.44,46.68,44.49,"19,515,000",456
"Jul 9, 2021",46.8,46.95,46.64,46.77,44.57,"15,185,400",455
"Jul 8, 2021",46.11,46.88,46.07,46.53,44.34,"21,267,000",454
"Jul 7, 2021",46.59,47.06,46.45,46.57,44.38,"25,607,400",453
"Jul 6, 2021",46.63,46.92,46.5,46.65,44.45,"18,279,300",452
"Jul 2, 2021",46.45,47.03,46.45,46.7,44.51,"26,280,600",451
"Jul 1, 2021",46.8,47.08,46.34,46.44,44.26,"26,348,700",450
"Jun 30, 2021",46.52,47.53,46.23,47.01,44.8,"45,511,200",449
"Jun 29, 2021",45.97,46.16,45.74,45.77,43.62,"35,962,500",448
"Jun 28, 2021",46.01,46.21,45.53,46.03,43.87,"15,549,000",447
"Jun 25, 2021",45.71,46.29,45.64,46.18,44.01,"28,640,700",446
"Jun 24, 2021",45.39,45.75,45.37,45.64,43.49,"23,444,100",445
"Jun 23, 2021",45.5,45.66,45.31,45.32,43.19,"19,390,500",444
"Jun 22, 2021",45.41,45.91,45.41,45.68,43.53,"19,107,000",443
"Jun 21, 2021",45.22,45.58,45.12,45.47,43.33,"20,775,000",442
"Jun 18, 2021",45.15,45.46,44.8,45.06,42.94,"44,812,800",441
"Jun 17, 2021",45.67,46.12,45.57,45.91,43.75,"19,341,900",440
"Jun 16, 2021",46.62,46.68,45.66,45.72,43.57,"28,794,900",439
"Jun 15, 2021",46.95,46.97,46.55,46.67,44.47,"19,327,200",438
"Jun 14, 2021",46.98,46.98,46.68,46.85,44.65,"15,140,700",437
"Jun 11, 2021",46.74,46.95,46.62,46.92,44.71,"25,232,400",436
"Jun 10, 2021",46.36,46.73,46.36,46.63,44.44,"16,378,500",435
"Jun 9, 2021",46.45,46.67,46.34,46.36,44.18,"17,085,300",434
"Jun 8, 2021",46.84,46.97,46.6,46.61,44.42,"20,120,700",433
"Jun 7, 2021",47.28,47.32,46.8,46.97,44.76,"16,630,800",432
"Jun 4, 2021",47.15,47.43,47.08,47.28,45.06,"13,635,900",431
"Jun 3, 2021",47.13,47.28,46.92,47.2,44.98,"18,374,400",430
"Jun 2, 2021",47.13,47.24,46.7,47.12,44.9,"23,298,000",429
"Jun 1, 2021",47.4,47.6,47.09,47.22,45,"20,767,500",428
"May 28, 2021",47.31,47.48,47.21,47.34,45.12,"21,186,300",427
"May 27, 2021",47.78,47.89,47.23,47.23,45.01,"56,577,000",426
"May 26, 2021",47.46,47.63,47.25,47.39,45.16,"19,294,200",425
"May 25, 2021",47.27,47.55,47.02,47.45,45.22,"21,505,200",424
"May 24, 2021",47.25,47.47,47.12,47.25,45.03,"18,945,900",423
"May 21, 2021",47.51,47.69,47.2,47.25,45.03,"22,927,500",422
"May 20, 2021",47.17,47.62,46.9,47.47,45.24,"30,540,900",421
"May 19, 2021",46.9,47.91,46.83,47.31,45.08,"34,874,700",420
"May 18, 2021",47.84,48.19,47.07,47.3,45.08,"58,183,800",419
"May 17, 2021",46.67,46.8,46.26,46.3,44.12,"19,675,800",418
"May 14, 2021",46.27,46.75,46.14,46.51,44.32,"16,091,700",417
"May 13, 2021",45.41,46.33,45.25,46.08,43.91,"21,475,200",416
"May 12, 2021",46.29,46.33,45.3,45.31,43.18,"25,998,300",415
"May 11, 2021",46.96,46.96,46.11,46.52,44.33,"26,464,200",414
"May 10, 2021",46.82,47.36,46.77,46.94,44.73,"26,307,600",413
"May 7, 2021",47.21,47.24,46.44,46.73,44.54,"23,408,400",412
"May 6, 2021",46.67,47.12,46.48,47.02,44.81,"16,302,000",411
"May 5, 2021",46.9,47.07,46.75,46.87,44.49,"18,351,000",410
"May 4, 2021",47.18,47.34,46.7,46.91,44.53,"19,084,200",409
"May 3, 2021",46.56,47.58,46.56,47.37,44.97,"27,139,500",408
"Apr 30, 2021",46.57,46.66,46.37,46.64,44.27,"19,680,000",407
"Apr 29, 2021",45.97,46.67,45.97,46.54,44.18,"19,596,000",406
"Apr 28, 2021",46.12,46.2,45.96,45.96,43.63,"14,286,600",405
"Apr 27, 2021",46,46.32,45.85,46.13,43.79,"16,151,400",404
"Apr 26, 2021",46.64,46.67,45.88,45.97,43.64,"22,846,200",403
"Apr 23, 2021",46.37,46.78,46.34,46.63,44.27,"22,971,000",402
"Apr 22, 2021",47.03,47.15,46.47,46.56,44.2,"19,705,200",401
"Apr 21, 2021",46.92,47.23,46.84,47.07,44.68,"17,335,200",400
"Apr 20, 2021",46.47,47.26,46.27,46.93,44.55,"24,452,100",399
"Apr 19, 2021",46.76,46.86,46.54,46.57,44.21,"19,281,000",398
"Apr 16, 2021",46.96,46.99,46.57,46.87,44.49,"26,488,500",397
"Apr 15, 2021",46.47,46.82,46.4,46.72,44.35,"21,710,400",396
"Apr 14, 2021",46.37,46.49,46.14,46.44,44.08,"21,924,600",395
"Apr 13, 2021",46.6,46.67,46.29,46.46,44.1,"17,397,900",394
"Apr 12, 2021",46.69,46.79,46.45,46.6,44.24,"18,723,000",393
"Apr 9, 2021",46.54,46.7,46.24,46.59,44.23,"20,676,600",392
"Apr 8, 2021",46.82,47.04,46.55,46.57,44.21,"19,095,600",391
"Apr 7, 2021",46.77,46.92,46.55,46.6,44.24,"20,361,600",390
"Apr 6, 2021",46.37,46.98,46.17,46.7,44.33,"31,044,600",389
"Apr 5, 2021",45.57,46.72,45.4,46.48,44.12,"40,043,100",388
"Apr 1, 2021",45.31,45.63,45.11,45.21,42.91,"25,595,100",387
"Mar 31, 2021",45.18,45.62,44.99,45.28,42.98,"24,546,000",386
"Mar 30, 2021",45.44,45.86,45.16,45.25,42.95,"27,230,100",385
"Mar 29, 2021",45,45.67,44.87,45.56,43.25,"30,146,400",384
"Mar 26, 2021",44.67,45.07,44.47,45.04,42.76,"28,653,600",383
"Mar 25, 2021",44.42,44.84,44.29,44.67,42.4,"28,125,900",382
"Mar 24, 2021",44.81,44.81,44.35,44.37,42.12,"23,547,300",381
"Mar 23, 2021",43.9,44.77,43.88,44.65,42.38,"29,154,900",380
"Mar 22, 2021",43.67,44.15,43.66,44.12,41.89,"24,654,000",379
"Mar 19, 2021",43.38,44.17,43.3,43.91,41.69,"57,703,500",378
"Mar 18, 2021",43.72,43.98,43.31,43.34,41.14,"29,815,500",377
"Mar 17, 2021",44.17,44.38,43.99,44.09,41.68,"24,156,300",376
"Mar 16, 2021",44.27,44.76,44.27,44.46,42.03,"19,881,000",375
"Mar 15, 2021",44.91,44.92,44.27,44.48,42.05,"25,071,900",374
"Mar 12, 2021",44.17,44.84,44.03,44.71,42.26,"28,437,600",373
"Mar 11, 2021",44.45,44.5,43.84,44.04,41.64,"35,489,700",372
"Mar 10, 2021",42.95,44.35,42.82,44.06,41.65,"44,929,200",371
"Mar 9, 2021",42.93,43.29,42.77,42.96,40.61,"31,988,700",370
"Mar 8, 2021",43.11,43.28,42.6,42.63,40.3,"40,988,400",369
"Mar 5, 2021",42.28,43.25,42.25,43.04,40.69,"34,073,700",368
"Mar 4, 2021",42.62,43.19,42.09,42.51,40.19,"45,348,000",367
"Mar 3, 2021",43.17,43.31,42.52,42.53,40.21,"41,837,400",366
"Mar 2, 2021",43.84,44.25,43.34,43.37,41,"29,230,800",365
"Mar 1, 2021",43.86,44.19,43.71,43.79,41.4,"34,634,400",364
"Feb 26, 2021",43.83,43.94,43.29,43.31,40.94,"42,470,700",363
"Feb 25, 2021",44.37,44.67,43.83,43.98,41.58,"33,324,600",362
"Feb 24, 2021",45.29,45.39,44.35,44.4,41.98,"46,565,700",361
"Feb 23, 2021",45.7,45.8,45.02,45.16,42.69,"31,300,200",360
"Feb 22, 2021",45.91,46.11,45.42,45.9,43.39,"32,106,600",359
"Feb 19, 2021",45.93,46.47,45.89,46.11,43.59,"36,606,000",358
"Feb 18, 2021",46.33,46.9,45.83,45.89,43.38,"96,927,300",357
"Feb 17, 2021",48.22,49.17,48.17,49.07,46.38,"25,571,100",356
"Feb 16, 2021",48.65,48.8,48.31,48.55,45.9,"27,891,000",355
"Feb 12, 2021",48.05,48.2,47.89,48.16,45.52,"13,423,500",354
"Feb 11, 2021",48.05,48.32,47.9,48.01,45.38,"12,791,400",353
"Feb 10, 2021",48.61,48.63,47.85,48.04,45.42,"18,576,900",352
"Feb 9, 2021",48.19,48.77,48.19,48.61,45.95,"15,906,900",351
"Feb 8, 2021",48.27,48.53,48.15,48.34,45.7,"15,825,300",350
"Feb 5, 2021",47.82,48.28,47.51,48.12,45.49,"20,451,600",349
"Feb 4, 2021",47.26,47.73,47.09,47.51,44.91,"17,346,300",348
"Feb 3, 2021",46.89,47.35,46.88,47.07,44.49,"14,966,700",347
"Feb 2, 2021",46.59,47.38,46.48,46.92,44.36,"27,002,400",346
"Feb 1, 2021",46.97,47.16,46.4,46.42,43.89,"25,945,200",345
"Jan 29, 2021",47.73,47.92,46.78,46.83,44.27,"32,509,200",344
"Jan 28, 2021",48.15,48.75,47.88,47.92,45.3,"22,301,700",343
"Jan 27, 2021",48.99,49.29,47.85,47.95,45.33,"29,910,300",342
"Jan 26, 2021",48.54,49.27,48.49,49.17,46.48,"15,031,500",341
"Jan 25, 2021",48.45,48.75,48.09,48.73,46.07,"19,031,100",340
"Jan 22, 2021",48.53,49.11,48.37,48.78,46.11,"19,219,500",339
"Jan 21, 2021",48.45,48.58,48.07,48.28,45.64,"14,325,900",338
"Jan 20, 2021",47.86,48.55,47.63,48.5,45.85,"23,775,600",337
"Jan 19, 2021",48.21,48.36,47.56,47.8,45.18,"24,123,600",336
"Jan 15, 2021",48.38,48.63,47.89,48.21,45.58,"35,920,500",335
"Jan 14, 2021",49.27,49.33,48.68,48.99,46.31,"23,017,200",334
"Jan 13, 2021",49.58,49.69,49.14,49.15,46.46,"16,069,500",333
"Jan 12, 2021",49.67,49.98,49.44,49.66,46.94,"23,373,300",332
"Jan 11, 2021",48.67,49.33,48.67,49.1,46.41,"26,264,400",331
"Jan 8, 2021",48.96,49,48.6,48.88,46.2,"24,478,200",330
"Jan 7, 2021",49.21,49.25,48.68,48.88,46.21,"20,538,000",329
"Jan 6, 2021",48.36,49.37,48.34,48.89,46.21,"21,918,900",328
"Jan 5, 2021",48.87,49.02,48.16,48.58,45.93,"26,498,100",327
"Jan 4, 2021",48.1,48.96,48.09,48.84,46.17,"32,182,200",326
"Dec 31, 2020",48.07,48.09,47.62,48.05,45.42,"17,814,000",325
"Dec 30, 2020",48.29,48.38,47.98,48.06,45.43,"18,751,200",324
"Dec 29, 2020",48.55,48.62,47.86,48.1,45.47,"17,938,200",323
"Dec 28, 2020",48.01,48.43,47.78,48.41,45.76,"19,344,900",322
"Dec 24, 2020",47.85,48.13,47.73,47.83,45.22,"9,054,600",321
"Dec 23, 2020",47.85,48.07,47.43,47.74,45.13,"20,430,600",320
"Dec 22, 2020",48.38,48.74,47.71,48.07,45.44,"37,599,000",319
"Dec 21, 2020",48.5,48.89,48.35,48.66,46,"25,553,100",318
"Dec 18, 2020",48.87,49.06,48.39,48.65,45.99,"41,384,100",317
"Dec 17, 2020",48.69,48.81,48.38,48.7,46.04,"30,679,500",316
"Dec 16, 2020",48.75,48.96,48.36,48.48,45.83,"25,650,900",315
"Dec 15, 2020",48.51,48.79,48.29,48.53,45.87,"31,871,400",314
"Dec 14, 2020",49.23,49.24,48.47,48.55,45.9,"25,088,100",313
"Dec 11, 2020",48.97,49.17,48.65,49,46.32,"16,860,900",312
"Dec 10, 2020",49.25,49.38,48.86,49.01,46.33,"20,652,300",311
"Dec 9, 2020",50,50,49.3,49.42,46.55,"20,139,600",310
"Dec 8, 2020",49.12,49.95,49.06,49.82,46.92,"20,716,500",309
"Dec 7, 2020",49.49,49.66,49.05,49.37,46.5,"18,479,100",308
"Dec 4, 2020",49.84,49.84,49.19,49.64,46.75,"20,889,300",307
"Dec 3, 2020",50.09,50.09,49.46,49.77,46.87,"25,725,900",306
"Dec 2, 2020",50.67,50.87,49.84,50.17,47.26,"23,547,000",305
"Dec 1, 2020",51.2,51.22,50.55,50.88,47.92,"22,935,300",304
"Nov 30, 2020",50.53,50.98,50.03,50.93,47.97,"32,695,500",303
"Nov 27, 2020",50.72,50.91,50.37,50.53,47.6,"10,999,500",302
"Nov 25, 2020",50.42,50.8,50.4,50.61,47.67,"13,833,300",301
"Nov 24, 2020",50.58,50.66,50.09,50.45,47.52,"17,155,200",300
"Nov 23, 2020",50.12,50.47,49.79,50.31,47.39,"18,557,100",299
"Nov 20, 2020",50.39,50.92,49.94,50.08,47.17,"21,937,200",298
"Nov 19, 2020",49.82,50.82,49.77,50.71,47.76,"18,590,700",297
"Nov 18, 2020",49.95,50.56,49.68,49.7,46.81,"24,936,900",296
"Nov 17, 2020",50.17,51.08,49.73,49.79,46.9,"42,711,600",295
"Nov 16, 2020",50.18,51.13,49.76,50.81,47.86,"34,560,300",294
"Nov 13, 2020",49.65,50.31,49.17,50.18,47.26,"19,738,200",293
"Nov 12, 2020",49.49,49.57,49.03,49.41,46.54,"12,564,300",292
"Nov 11, 2020",48.97,49.65,48.8,49.33,46.46,"18,805,800",291
"Nov 10, 2020",47.92,48.81,47.84,48.52,45.7,"18,199,200",290
"Nov 9, 2020",49.33,49.4,47.83,47.85,45.07,"28,198,500",289
"Nov 6, 2020",48.12,48.74,47.85,48.59,45.77,"16,198,500",288
"Nov 5, 2020",48,48.08,47.65,47.82,45.04,"14,202,600",287
"Nov 4, 2020",47.19,48.13,47.11,47.32,44.57,"17,927,400",286
"Nov 3, 2020",47.22,48.05,47.19,47.59,44.83,"15,413,100",285
"Nov 2, 2020",46.86,46.94,46.34,46.8,44.08,"16,575,600",284
"Oct 30, 2020",46.39,46.7,45.79,46.25,43.56,"18,601,800",283
"Oct 29, 2020",46.67,47.04,46.23,46.64,43.93,"15,153,900",282
"Oct 28, 2020",46.99,47.38,46.63,46.68,43.97,"16,849,200",281
"Oct 27, 2020",47.35,47.9,47.32,47.62,44.86,"11,831,100",280
"Oct 26, 2020",47.61,47.71,46.98,47.39,44.63,"16,111,800",279
"Oct 23, 2020",47.99,48.05,47.62,47.95,45.16,"10,540,500",278
"Oct 22, 2020",48.06,48.19,47.56,47.85,45.07,"13,344,000",277
"Oct 21, 2020",47.95,48.58,47.95,48.13,45.34,"13,114,200",276
"Oct 20, 2020",48.04,48.51,47.87,47.97,45.18,"14,523,000",275
"Oct 19, 2020",48.37,48.46,47.58,47.65,44.88,"14,643,300",274
"Oct 16, 2020",48.47,48.72,48.16,48.24,45.43,"16,935,000",273
"Oct 15, 2020",47.7,48.32,47.61,48.18,45.38,"13,692,600",272
"Oct 14, 2020",48.8,48.84,47.92,47.98,45.19,"19,710,900",271
"Oct 13, 2020",48.23,48.87,48.12,48.74,45.91,"23,800,200",270
"Oct 12, 2020",47.67,48.46,47.67,48.08,45.29,"18,402,300",269
"Oct 9, 2020",47.22,47.78,47.19,47.59,44.83,"14,494,800",268
"Oct 8, 2020",47.17,47.36,47.04,47.12,44.38,"14,676,900",267
"Oct 7, 2020",47.09,47.18,46.75,46.96,44.23,"16,949,100",266
"Oct 6, 2020",47.29,47.65,46.75,46.88,44.15,"21,475,500",265
"Oct 5, 2020",47.1,47.4,47.02,47.27,44.52,"14,259,000",264
"Oct 2, 2020",47.45,47.7,46.71,46.83,44.11,"24,585,000",263
"Oct 1, 2020",46.93,48.13,46.75,47.69,44.92,"43,290,900",262
"Sep 30, 2020",45.8,47.25,45.73,46.64,43.93,"34,826,400",261
"Sep 29, 2020",45.75,46.05,45.46,45.71,43.06,"27,702,900",260
"Sep 28, 2020",45.72,46.02,45.57,45.75,43.09,"21,197,100",259
"Sep 25, 2020",45.51,45.85,45.32,45.76,43.1,"22,618,800",258
"Sep 24, 2020",45.24,45.93,45.02,45.57,42.92,"29,453,100",257
"Sep 23, 2020",46.33,46.41,45.27,45.33,42.7,"23,133,300",256
"Sep 22, 2020",45.69,46.33,45.52,46.1,43.42,"33,102,000",255
"Sep 21, 2020",45.5,45.75,45.1,45.69,43.04,"47,275,500",254
"Sep 18, 2020",45.48,45.84,44.92,45.1,42.48,"54,709,200",253
"Sep 17, 2020",45.14,45.86,45.01,45.56,42.92,"37,245,000",252
"Sep 16, 2020",46.14,46.23,45.35,45.42,42.78,"27,860,400",251
"Sep 15, 2020",46.08,46.36,45.56,45.79,43.13,"30,427,800",250
"Sep 14, 2020",45.38,47.03,45.29,45.77,43.11,"45,733,800",249
"Sep 11, 2020",45.68,46.15,45.18,45.57,42.92,"28,879,800",248
"Sep 10, 2020",46.69,46.85,45.53,45.6,42.95,"33,709,200",247
"Sep 9, 2020",46.7,47.54,46.48,46.63,43.92,"33,669,000",246
"Sep 8, 2020",47.14,47.3,46.09,46.15,43.47,"33,966,900",245
"Sep 4, 2020",48.01,48.35,46.7,47.61,44.84,"33,982,200",244
"Sep 3, 2020",48.9,49.87,47.27,48.18,45.38,"48,015,000",243
"Sep 2, 2020",50.42,50.44,48.54,49.23,46.37,"51,666,000",242
"Sep 1, 2020",47.07,49.86,46.68,49.2,46.34,"106,798,200",241
"Aug 31, 2020",45.83,46.3,45.18,46.28,43.59,"45,236,400",240
"Aug 28, 2020",47,47.02,45.95,46.77,44.05,"64,050,900",239
"Aug 27, 2020",43.69,46.45,43.63,45.54,42.9,"119,018,700",238
"Aug 26, 2020",43.4,43.63,43.23,43.57,41.04,"18,814,800",237
"Aug 25, 2020",43.6,43.75,43.22,43.54,41.01,"21,722,400",236
"Aug 24, 2020",44.08,44.16,43.44,43.78,41.23,"19,813,800",235
"Aug 21, 2020",43.52,44.22,43.37,43.88,41.33,"24,864,000",234
"Aug 20, 2020",43.74,44.02,43.35,43.52,40.99,"26,810,700",233
"Aug 19, 2020",44.74,44.89,43.95,44.14,41.57,"38,155,200",232
"Aug 18, 2020",45.39,45.88,44.39,44.9,42.29,"80,232,600",231
"Aug 17, 2020",44.78,45.38,44.62,45.2,42.57,"39,465,000",230
"Aug 14, 2020",44.11,44.32,43.88,44.2,41.63,"20,106,300",229
"Aug 13, 2020",43.74,43.99,43.58,43.95,41.4,"19,867,200",228
"Aug 12, 2020",43.49,44.08,43.03,43.96,41.24,"19,094,400",227
"Aug 11, 2020",44.2,44.29,43.24,43.4,40.71,"25,360,200",226
"Aug 10, 2020",43.41,44.11,43.22,43.96,41.24,"17,683,200",225
"Aug 7, 2020",43.19,43.49,43.04,43.32,40.64,"16,558,500",224
"Aug 6, 2020",43.04,43.41,43.01,43.12,40.45,"14,496,300",223
"Aug 5, 2020",43.48,43.58,42.94,43.27,40.59,"25,483,500",222
"Aug 4, 2020",43.22,43.9,42.98,43.88,41.16,"18,219,600",221
"Aug 3, 2020",43.3,43.37,42.76,43.1,40.43,"14,971,500",220
"Jul 31, 2020",43.22,43.36,42.54,43.13,40.46,"21,631,500",219
"Jul 30, 2020",43.14,43.47,42.91,43.37,40.69,"13,788,300",218
"Jul 29, 2020",43.85,43.95,43.28,43.56,40.86,"14,223,300",217
"Jul 28, 2020",43.83,44.13,43.64,43.92,41.2,"14,414,100",216
"Jul 27, 2020",43.62,43.99,43.62,43.74,41.03,"14,045,700",215
"Jul 24, 2020",43.65,44.13,43.5,43.75,41.04,"13,037,400",214
"Jul 23, 2020",44.33,44.38,43.77,43.88,41.16,"16,796,400",213
"Jul 22, 2020",44.19,44.34,43.73,44.22,41.48,"16,164,600",212
"Jul 21, 2020",43.85,44.66,43.82,44.11,41.38,"21,712,500",211
"Jul 20, 2020",43.99,44.25,43.71,43.82,41.11,"18,342,600",210
"Jul 17, 2020",44.46,44.46,43.82,43.91,41.19,"18,189,600",209
"Jul 16, 2020",44.02,44.24,43.75,44.07,41.34,"17,676,600",208
"Jul 15, 2020",44.09,44.71,43.6,44,41.27,"31,731,300",207
"Jul 14, 2020",43.09,44.17,43.01,44,41.28,"26,455,800",206
"Jul 13, 2020",43.78,44.54,42.96,43.17,40.5,"42,338,400",205
"Jul 10, 2020",42.91,43.79,42.42,43.56,40.86,"44,236,800",204
"Jul 9, 2020",41.87,42.73,41.65,42.58,39.94,"42,771,600",203
"Jul 8, 2020",42.67,42.71,41.47,41.48,38.91,"52,217,100",202
"Jul 7, 2020",39.48,42.52,39.41,42.32,39.69,"93,458,100",201
"Jul 6, 2020",39.93,39.96,39.41,39.63,37.17,"21,695,100",200
"Jul 2, 2020",40.03,40.29,39.62,39.74,37.27,"17,695,800",199
"Jul 1, 2020",39.82,39.97,39.55,39.9,37.42,"19,733,700",198
"Jun 30, 2020",39.74,40.04,39.51,39.93,37.45,"20,509,200",197
"Jun 29, 2020",39.5,39.89,39.41,39.69,37.23,"16,511,400",196
"Jun 26, 2020",39.87,40.28,39.34,39.44,37,"26,991,600",195
"Jun 25, 2020",39.92,40.05,39.46,39.9,37.43,"20,569,800",194
"Jun 24, 2020",40.25,40.37,39.86,40.1,37.62,"20,614,800",193
"Jun 23, 2020",40.92,40.95,40.32,40.36,37.86,"19,727,700",192
"Jun 22, 2020",40.32,40.7,40.13,40.56,38.05,"27,338,400",191
"Jun 19, 2020",39.63,40.1,39.25,39.95,37.47,"40,078,800",190
"Jun 18, 2020",39.51,39.69,39.22,39.33,36.89,"20,070,000",189
"Jun 17, 2020",39.95,40.04,39.47,39.68,37.22,"20,166,900",188
"Jun 16, 2020",39.93,40.08,39.51,39.88,37.41,"25,167,600",187
"Jun 15, 2020",39.47,39.56,39,39.36,36.92,"32,703,300",186
"Jun 12, 2020",40.17,40.25,39.02,39.25,36.81,"32,359,200",185
"Jun 11, 2020",40.33,40.86,39.83,40.03,37.55,"34,162,800",184
"Jun 10, 2020",40.52,40.83,40.38,40.39,37.88,"28,141,500",183
"Jun 9, 2020",40.53,40.67,40.19,40.45,37.94,"20,746,200",182
"Jun 8, 2020",39.86,40.41,39.82,40.41,37.91,"28,344,300",181
"Jun 5, 2020",40.86,40.89,39.97,40.52,38.01,"39,337,200",180
"Jun 4, 2020",40.93,41.3,40.61,40.7,38.18,"24,015,000",179
"Jun 3, 2020",41.3,41.33,40.89,41.16,38.61,"20,262,900",178
"Jun 2, 2020",41.2,41.38,40.94,41.31,38.75,"19,187,700",177
"Jun 1, 2020",41.15,41.47,40.79,41.32,38.76,"20,550,300",176
"May 29, 2020",41.41,41.57,40.64,41.35,38.79,"29,311,200",175
"May 28, 2020",41.24,41.65,41.05,41.23,38.68,"24,424,800",174
"May 27, 2020",41.32,41.5,40.34,40.83,38.3,"31,073,700",173
"May 26, 2020",41.45,41.84,41.21,41.29,38.73,"23,730,600",172
"May 22, 2020",41.7,41.78,41.26,41.44,38.88,"22,359,600",171
"May 21, 2020",41.63,42.05,41.42,41.66,39.08,"22,448,100",170
"May 20, 2020",42.16,42.2,41.54,41.82,39.23,"32,246,400",169
"May 19, 2020",43.92,44,41.6,41.65,39.07,"74,746,200",168
"May 18, 2020",42.5,42.85,42.03,42.55,39.92,"38,633,700",167
"May 15, 2020",41.16,41.98,41.03,41.98,39.38,"31,770,000",166
"May 14, 2020",41.62,41.71,40.43,41.14,38.59,"22,233,000",165
"May 13, 2020",41.17,42.08,41.03,41.24,38.68,"29,175,300",164
"May 12, 2020",41.49,41.89,41.26,41.26,38.7,"19,100,100",163
"May 11, 2020",41.01,41.44,41,41.22,38.67,"25,341,900",162
"May 8, 2020",40.92,41,40.54,40.98,38.44,"20,830,800",161
"May 7, 2020",41.15,41.33,40.5,40.63,38.11,"27,345,600",160
"May 6, 2020",41.74,41.83,40.95,41.1,38.38,"17,309,100",159
"May 5, 2020",41.27,41.75,41.09,41.58,38.83,"19,337,400",158
"May 4, 2020",41.28,41.47,40.57,41.23,38.51,"17,807,700",157
"May 1, 2020",40.49,41.23,40.26,40.97,38.27,"31,143,900",156
"Apr 30, 2020",41.03,41.15,40.35,40.52,37.84,"40,497,900",155
"Apr 29, 2020",41.86,41.92,40.85,41.2,38.48,"44,612,100",154
"Apr 28, 2020",42.76,43.41,42.57,42.67,39.85,"20,732,100",153
"Apr 27, 2020",43.33,43.44,42.72,42.77,39.94,"17,923,800",152
"Apr 24, 2020",43.12,43.3,42.85,43.15,40.3,"17,343,600",151
"Apr 23, 2020",43.28,43.7,42.58,42.84,40.01,"28,839,900",150
"Apr 22, 2020",43.33,44.13,42.97,43.86,40.97,"19,448,100",149
"Apr 21, 2020",43.36,43.68,42.72,43.07,40.22,"27,900,600",148
"Apr 20, 2020",44.13,44.46,43.25,43.28,40.42,"24,401,700",147
"Apr 17, 2020",43.83,44.32,43.24,44.04,41.13,"30,915,300",146
"Apr 16, 2020",43,44.31,42.75,44.11,41.2,"31,882,200",145
"Apr 15, 2020",43,43.29,42.37,42.92,40.08,"22,435,200",144
"Apr 14, 2020",42.37,43.26,42.01,43,40.16,"34,098,900",143
"Apr 13, 2020",40.42,41.89,40.39,41.77,39.01,"24,194,100",142
"Apr 9, 2020",39.41,40.96,39.22,40.6,37.92,"32,828,700",141
"Apr 8, 2020",41.23,41.27,40.2,40.61,37.93,"27,876,600",140
"Apr 7, 2020",41.33,42.16,40.55,40.66,37.98,"41,369,700",139
"Apr 6, 2020",39.69,42.13,39.65,42.02,39.25,"47,768,700",138
"Apr 3, 2020",39.07,39.97,39.01,39.83,37.2,"28,625,100",137
"Apr 2, 2020",37.73,39.7,37.45,39.55,36.94,"29,515,500",136
"Apr 1, 2020",37.38,38.51,37.27,38.05,35.53,"28,269,600",135
"Mar 31, 2020",38.1,38.73,37.55,37.87,35.37,"26,258,400",134
"Mar 30, 2020",37.29,38.6,36.98,38.4,35.86,"29,212,500",133
"Mar 27, 2020",36.7,37.43,36.2,36.53,34.11,"36,160,500",132
"Mar 26, 2020",36.47,36.96,35.62,36.61,34.19,"58,250,700",131
"Mar 25, 2020",37.66,38,36.02,36.47,34.06,"53,287,500",130
"Mar 24, 2020",38.62,39.12,37.1,38.34,35.81,"42,705,000",129
"Mar 23, 2020",38.06,39.18,37.4,38.09,35.58,"39,366,000",128
"Mar 20, 2020",39.83,40.93,37.3,37.99,35.48,"55,423,500",127
"Mar 19, 2020",41.49,42.33,39.21,39.82,37.19,"57,100,500",126
"Mar 18, 2020",38.33,42.69,38.17,40.86,37.99,"77,355,900",125
"Mar 17, 2020",37.59,39.76,36.82,39.75,36.96,"52,806,000",124
"Mar 16, 2020",35.07,37.11,34,35.59,33.09,"36,753,900",123
"Mar 13, 2020",36.08,38.2,34.63,38.03,35.36,"42,962,100",122
"Mar 12, 2020",35.34,37.16,34.33,34.68,32.25,"56,323,200",121
"Mar 11, 2020",39.17,39.68,37.6,38.14,35.47,"31,620,000",120
"Mar 10, 2020",39.37,40.23,38.31,39.93,37.13,"37,797,300",119
"Mar 9, 2020",37.94,40.21,37.58,39.05,36.31,"59,243,400",118
"Mar 6, 2020",37.96,39.3,37.67,39.08,36.33,"29,411,100",117
"Mar 5, 2020",38.13,39.08,37.97,38.64,35.93,"25,638,300",116
"Mar 4, 2020",38.08,38.95,37.82,38.92,36.19,"24,625,200",115
"Mar 3, 2020",38.69,39.18,37.45,37.64,35,"33,340,800",114
"Mar 2, 2020",35.87,38.8,35.76,38.63,35.92,"51,222,600",113
"Feb 28, 2020",35.9,36.17,34.79,35.89,33.37,"52,369,200",112
"Feb 27, 2020",37.52,38.02,36.78,36.8,34.22,"28,476,900",111
"Feb 26, 2020",38.23,38.39,37.88,37.93,35.26,"20,019,900",110
"Feb 25, 2020",38.78,39.02,38.02,38.13,35.45,"23,292,900",109
"Feb 24, 2020",39.15,39.49,38.65,38.77,36.05,"19,848,000",108
"Feb 21, 2020",39.15,39.58,39.1,39.53,36.75,"18,726,300",107
"Feb 20, 2020",39.07,39.37,38.95,39.23,36.48,"15,068,700",106
"Feb 19, 2020",39.83,39.98,39.23,39.23,36.47,"21,563,400",105
"Feb 18, 2020",39.49,39.98,39.12,39.88,37.08,"34,539,600",104
"Feb 14, 2020",39.22,39.52,39.05,39.3,36.54,"24,391,800",103
"Feb 13, 2020",38.62,39.18,38.53,39.15,36.4,"15,999,600",102
"Feb 12, 2020",38.5,38.81,38.47,38.62,35.91,"14,206,800",101
"Feb 11, 2020",38.48,38.5,38.15,38.47,35.77,"17,390,400",100
"Feb 10, 2020",38.58,38.99,38.35,38.42,35.72,"18,434,700",99
"Feb 7, 2020",38.7,38.92,38.59,38.82,36.09,"11,068,800",98
"Feb 6, 2020",38.94,39.08,38.69,38.77,36.05,"16,058,700",97
"Feb 5, 2020",38.53,38.98,38.28,38.94,36.2,"17,048,700",96
"Feb 4, 2020",38.41,38.75,38.3,38.42,35.73,"15,696,600",95
"Feb 3, 2020",38.3,38.46,38.03,38.09,35.42,"13,041,300",94
"Jan 31, 2020",38.6,38.75,37.97,38.16,35.48,"23,327,400",93
"Jan 30, 2020",38.54,38.91,38.44,38.86,36.13,"13,744,500",92
"Jan 29, 2020",38.85,39.04,38.63,38.63,35.92,"11,326,500",91
"Jan 28, 2020",38.66,38.97,38.65,38.87,36.14,"15,810,600",90
"Jan 27, 2020",37.73,38.74,37.56,38.62,35.91,"21,055,200",89
"Jan 24, 2020",38.67,38.68,38.05,38.12,35.45,"13,150,200",88
"Jan 23, 2020",38.74,38.77,38.35,38.6,35.89,"12,915,300",87
"Jan 22, 2020",38.41,38.84,38.39,38.7,35.98,"14,778,300",86
"Jan 21, 2020",38.2,38.56,38.17,38.53,35.83,"22,061,100",85
"Jan 17, 2020",38.68,38.77,38.21,38.32,35.63,"30,135,000",84
"Jan 16, 2020",38.5,38.64,38.43,38.63,35.92,"16,108,200",83
"Jan 15, 2020",38.21,38.62,38.17,38.43,35.73,"22,362,600",82
"Jan 14, 2020",38.49,38.74,38.38,38.73,36.01,"19,757,400",81
"Jan 13, 2020",38.79,38.85,38.46,38.63,35.92,"18,337,800",80
"Jan 10, 2020",39.08,39.11,38.66,38.79,36.07,"18,164,400",79
"Jan 9, 2020",38.72,39.12,38.69,39.12,36.37,"16,691,100",78
"Jan 8, 2020",38.77,38.91,38.56,38.72,36,"17,627,400",77
"Jan 7, 2020",39.09,39.17,38.73,38.85,36.13,"20,540,700",76
"Jan 6, 2020",39.13,39.36,38.92,39.22,36.46,"19,336,500",75
"Jan 3, 2020",39.42,39.6,39.2,39.3,36.54,"16,197,600",74
"Jan 2, 2020",39.62,39.96,39.57,39.65,36.86,"20,294,700",73
"Dec 31, 2019",39.83,39.93,39.4,39.61,36.83,"14,736,000",72
"Dec 30, 2019",39.93,39.94,39.71,39.8,37.01,"8,837,400",71
"Dec 27, 2019",39.98,39.98,39.75,39.86,37.07,"10,632,000",70
"Dec 26, 2019",39.87,39.95,39.65,39.84,37.04,"12,671,400",69
"Dec 24, 2019",39.71,39.87,39.67,39.84,37.04,"6,682,200",68
"Dec 23, 2019",40.07,40.23,39.67,39.68,36.89,"13,457,400",67
"Dec 20, 2019",40.49,40.71,40.01,40.1,37.28,"23,863,200",66
"Dec 19, 2019",39.98,40.17,39.93,40.03,37.22,"13,392,300",65
"Dec 18, 2019",40.5,40.56,39.95,39.95,37.15,"15,309,000",64
"Dec 17, 2019",40.32,40.57,40.23,40.43,37.59,"13,727,400",63
"Dec 16, 2019",40.14,40.45,40.14,40.18,37.36,"16,052,100",62
"Dec 13, 2019",39.72,40.22,39.67,40.1,37.28,"16,098,900",61
"Dec 12, 2019",39.67,40.04,39.56,39.92,37.12,"12,447,000",60
"Dec 11, 2019",39.8,39.88,39.51,39.67,36.88,"10,519,200",59
"Dec 10, 2019",39.78,39.85,39.67,39.71,36.93,"12,846,900",58
"Dec 9, 2019",39.86,39.95,39.73,39.79,36.99,"14,448,000",57
"Dec 6, 2019",39.69,39.93,39.64,39.93,37.12,"13,022,400",56
"Dec 5, 2019",39.45,39.59,39.14,39.55,36.78,"13,058,400",55
"Dec 4, 2019",39.71,39.73,39.43,39.56,36.62,"16,669,800",54
"Dec 3, 2019",39.47,39.65,39.26,39.56,36.62,"19,784,400",53
"Dec 2, 2019",39.72,39.79,39.28,39.76,36.8,"17,012,700",52
"Nov 29, 2019",39.71,39.99,39.67,39.7,36.75,"9,471,900",51
"Nov 27, 2019",39.8,39.93,39.58,39.59,36.64,"10,302,300",50
"Nov 26, 2019",39.65,39.77,39.48,39.73,36.78,"18,877,500",49
"Nov 25, 2019",40,40.01,39.3,39.64,36.69,"17,644,500",48
"Nov 22, 2019",40.05,40.1,39.76,39.79,36.83,"11,529,300",47
"Nov 21, 2019",39.61,40,39.56,39.95,36.98,"12,908,400",46
"Nov 20, 2019",40.07,40.16,39.47,39.71,36.76,"15,227,700",45
"Nov 19, 2019",40.04,40.12,39.9,39.96,36.99,"11,146,200",44
"Nov 18, 2019",39.48,40.29,39.41,40.08,37.1,"19,644,000",43
"Nov 15, 2019",40.23,40.33,39.46,39.62,36.68,"30,413,100",42
"Nov 14, 2019",41.53,41.79,39.84,40.22,37.23,"67,512,600",41
"Nov 13, 2019",39.72,40.45,39.55,40.33,37.33,"23,135,400",40
"Nov 12, 2019",39.87,40,39.6,39.71,36.76,"15,189,300",39
"Nov 11, 2019",39.57,39.88,39.43,39.68,36.73,"13,317,000",38
"Nov 8, 2019",40.1,40.29,39.65,39.81,36.85,"11,498,100",37
"Nov 7, 2019",40,40.31,39.85,40.08,37.1,"13,324,200",36
"Nov 6, 2019",39.61,39.87,39.57,39.83,36.87,"10,843,200",35
"Nov 5, 2019",39.23,39.71,39.03,39.62,36.67,"12,651,300",34
"Nov 4, 2019",39.47,39.7,39.06,39.19,36.28,"13,938,000",33
"Nov 1, 2019",39.31,39.32,39.08,39.21,36.29,"11,287,800",32
"Oct 31, 2019",39.31,39.43,38.94,39.09,36.18,"14,643,900",31
"Oct 30, 2019",39.06,39.46,39.02,39.37,36.44,"8,988,600",30
"Oct 29, 2019",39.5,39.58,39.03,39.05,36.15,"14,373,300",29
"Oct 28, 2019",39.75,39.9,39.51,39.74,36.79,"10,213,800",28
"Oct 25, 2019",39.67,39.78,39.4,39.68,36.73,"7,692,900",27
"Oct 24, 2019",39.72,39.86,39.5,39.7,36.75,"8,700,900",26
"Oct 23, 2019",39.72,39.95,39.56,39.78,36.83,"8,520,000",25
"Oct 22, 2019",39.92,40.06,39.8,39.86,36.9,"7,634,100",24
"Oct 21, 2019",39.77,39.94,39.61,39.91,36.95,"10,230,300",23
"Oct 18, 2019",40.15,40.2,39.71,39.71,36.76,"16,776,900",22
"Oct 17, 2019",39.89,40.08,39.79,39.95,36.98,"11,732,700",21
"Oct 16, 2019",39.77,40.04,39.7,39.81,36.85,"11,344,800",20
"Oct 15, 2019",39.78,40,39.62,39.84,36.88,"13,550,100",19
"Oct 14, 2019",39.95,40.15,39.7,39.72,36.77,"13,719,900",18
"Oct 11, 2019",39.97,40.24,39.57,40.08,37.1,"18,383,700",17
"Oct 10, 2019",39.63,39.96,39.53,39.87,36.91,"13,024,500",16
"Oct 9, 2019",39.39,39.77,39.34,39.64,36.7,"11,710,200",15
"Oct 8, 2019",38.94,39.56,38.89,39.19,36.28,"15,375,300",14
"Oct 7, 2019",39.37,39.43,38.96,39.08,36.17,"14,085,000",13
"Oct 4, 2019",38.8,39.43,38.73,39.39,36.46,"13,881,000",12
"Oct 3, 2019",38.63,38.93,38.19,38.77,35.89,"15,619,500",11
"Oct 2, 2019",39.13,39.18,38.54,38.71,35.83,"17,833,500",10
"Oct 1, 2019",39.62,39.7,39.24,39.28,36.36,"11,187,900",9
"Sep 30, 2019",39.56,39.81,39.52,39.56,36.62,"10,204,200",8
"Sep 27, 2019",39.74,39.74,39.25,39.48,36.55,"10,304,100",7
"Sep 26, 2019",39.6,39.85,39.4,39.43,36.5,"11,960,700",6
"Sep 25, 2019",39.49,39.57,39.27,39.49,36.55,"13,840,800",5
"Sep 24, 2019",39.42,39.95,39.34,39.47,36.53,"21,819,300",4
"Sep 23, 2019",38.87,39.47,38.85,39.21,36.29,"15,487,500",3
"Sep 20, 2019",39.12,39.21,38.93,38.99,36.09,"33,997,200",2
"Sep 19, 2019",39.13,39.27,38.92,39.04,36.13,"10,141,800",1
"Sep 18, 2019",38.97,39.08,38.73,39.05,36.15,"11,868,000",0